"gene_symbol","ensembl_id","baseMean","log2FoldChange","lfcSE","stat","pvalue","padj","in_ECM","in_VEGF","in_IGF","in_NFKB","in_EMT","pathway_count"
"TNC","ENSG00000041982",72.7616089246547,1.55577508536353,0.326083115427288,4.77109979559934,1.8322272776255e-06,0.000141379723881737,TRUE,FALSE,TRUE,TRUE,TRUE,4
"MMP2","ENSG00000087245",69.9263337285085,1.17389833997915,0.126577866323484,9.27412014497953,1.79091006675145e-20,1.43228032588447e-17,TRUE,FALSE,TRUE,FALSE,TRUE,3
"VEGFA","ENSG00000112715",71.0221360131768,1.32739817533618,0.148805454442339,8.92035967573046,4.64776285062269e-19,3.37913485435045e-16,FALSE,TRUE,FALSE,TRUE,TRUE,3
"CCN1","ENSG00000142871",84.7213926391888,1.75936220455544,0.217774070114142,8.0788415426745,6.53849213229036e-16,3.60631660882704e-13,FALSE,FALSE,TRUE,TRUE,TRUE,3
"SERPINE1","ENSG00000106366",170.634250467288,2.87763853378526,0.380765192596703,7.55751468289589,4.10843659479941e-14,1.82540120371713e-11,TRUE,FALSE,FALSE,TRUE,TRUE,3
"CD44","ENSG00000026508",68.3334940195699,0.769455448087956,0.104928739169471,7.33312392942416,2.24848831708247e-13,7.99212680705202e-11,TRUE,FALSE,FALSE,TRUE,TRUE,3
"FN1","ENSG00000115414",338.412828680865,0.522566476779703,0.111071072577361,4.70479364837083,2.54122854738006e-06,0.000178276099190105,TRUE,FALSE,TRUE,FALSE,TRUE,3
"IL6","ENSG00000136244",5.94496990691164,3.53943514033181,0.943544281155316,3.75121254086557,0.000175981438340804,0.00485314328665718,FALSE,FALSE,TRUE,TRUE,TRUE,3
"JUN","ENSG00000177606",51.8026153717725,1.4524795002076,0.101897190859945,14.2543625388455,4.21130166305527e-46,3.36798850502845e-42,FALSE,FALSE,FALSE,TRUE,TRUE,2
"IGFBP4","ENSG00000141753",90.075532666079,1.58416780949672,0.121502392506567,13.0381614453484,7.42253996762859e-39,2.37447053564438e-35,FALSE,FALSE,TRUE,FALSE,TRUE,2
"GEM","ENSG00000164949",37.6069806484167,2.1912645479199,0.20020978531172,10.9448424037226,7.03399463350646e-28,9.37572868024465e-25,FALSE,FALSE,FALSE,TRUE,TRUE,2
"VEGFC","ENSG00000150630",19.3914819574906,2.90360454434062,0.306863130980787,9.46221377283156,3.01491432577947e-21,2.6790863689357e-18,FALSE,TRUE,FALSE,FALSE,TRUE,2
"PLAUR","ENSG00000011422",18.9575681928669,2.37531923026705,0.278389715340696,8.53235266741127,1.43401117575852e-17,9.55708698177395e-15,FALSE,FALSE,FALSE,TRUE,TRUE,2
"THBS1","ENSG00000137801",99.9585189021693,1.55819627225696,0.19908425827683,7.82681808066542,5.00372308237247e-15,2.30796994882315e-12,TRUE,FALSE,FALSE,FALSE,TRUE,2
"ICAM1","ENSG00000090339",8.84269371408942,2.60797108002587,0.349729848982343,7.45710178188864,8.84463799486362e-14,3.62743550584215e-11,TRUE,FALSE,FALSE,TRUE,FALSE,2
"MMP14","ENSG00000157227",17.7731478004678,1.31731906120639,0.203296312622331,6.47979810461987,9.18454332521071e-11,2.40830771289746e-08,TRUE,FALSE,FALSE,FALSE,TRUE,2
"FGF2","ENSG00000138685",23.3926511334488,1.30808711458438,0.206458289895449,6.33584204948517,2.36048513898113e-10,5.72059996939442e-08,TRUE,FALSE,FALSE,FALSE,TRUE,2
"CSF1","ENSG00000184371",18.139842570372,1.35906725969465,0.228335944797248,5.952051311507,2.64802319180248e-09,4.98295658269184e-07,FALSE,FALSE,TRUE,TRUE,FALSE,2
"ADAM12","ENSG00000148848",69.1397023655506,1.62980463524705,0.292479466111476,5.57237284693983,2.51292892244365e-08,3.621107938242e-06,TRUE,FALSE,FALSE,FALSE,TRUE,2
"PTX3","ENSG00000163661",12.4088227952777,2.05789768930356,0.387655537550725,5.30857292096409,1.10486881514445e-07,1.33881641653299e-05,FALSE,FALSE,FALSE,TRUE,TRUE,2
"ITGA2","ENSG00000164171",5.87083237162171,1.6763425184898,0.319034792741946,5.25441913116267,1.48492373063743e-07,1.69652536225327e-05,TRUE,FALSE,FALSE,FALSE,TRUE,2
"SAT1","ENSG00000130066",155.830411246173,0.528207680763425,0.100869621681605,5.23653873145985,1.63615919586046e-07,1.84298354491465e-05,FALSE,FALSE,FALSE,TRUE,TRUE,2
"CXCL1","ENSG00000163739",3.7371203694445,2.3555836806548,0.45369771110762,5.19196730110027,2.08083554901896e-07,2.19431601366703e-05,FALSE,FALSE,FALSE,TRUE,TRUE,2
"AREG","ENSG00000109321",7.12744202143434,2.9042975797071,0.559782366452176,5.18826199923756,2.12265823104864e-07,2.21907963435444e-05,FALSE,FALSE,FALSE,TRUE,TRUE,2
"IGFBP2","ENSG00000115457",9.09345847149386,1.14427203163591,0.236635278625356,4.83559356949282,1.32748911041493e-06,0.000106699438799431,FALSE,FALSE,TRUE,FALSE,TRUE,2
"IGFBP3","ENSG00000146674",24.2776236752654,1.08988655473729,0.227605120890914,4.78849751038622,1.68034647974575e-06,0.000131750695801634,FALSE,FALSE,TRUE,FALSE,TRUE,2
"SNTB1","ENSG00000172164",101.955232240405,-0.662538860377277,0.139113563955767,-4.76257556443554,1.91137587549423e-06,0.000143532662575259,TRUE,FALSE,FALSE,FALSE,TRUE,2
"TNFAIP3","ENSG00000118503",13.3328784783438,1.11874355742452,0.23695748715082,4.72128385085574,2.3436060118994e-06,0.000169619810680231,FALSE,FALSE,FALSE,TRUE,TRUE,2
"BMP1","ENSG00000168487",35.8962537381901,0.882783957941082,0.196205617770481,4.49927972487388,6.81840898546897e-06,0.000409010400238696,TRUE,FALSE,FALSE,FALSE,TRUE,2
"COL1A1","ENSG00000108821",176.606087548044,1.18080532836247,0.263609394173533,4.47937499368915,7.48619164540828e-06,0.000438614048968152,TRUE,FALSE,FALSE,FALSE,TRUE,2
"LAMC2","ENSG00000058085",8.33328499706828,-1.43607995677377,0.358452579025347,-4.00633177386686,6.16690110220658e-05,0.00220177640914719,TRUE,FALSE,FALSE,FALSE,TRUE,2
"SPHK1","ENSG00000176170",12.1944197358054,1.14833525179845,0.286598157259481,4.00677821092465,6.15526123624179e-05,0.00220177640914719,FALSE,TRUE,FALSE,TRUE,FALSE,2
"FBN2","ENSG00000138829",30.3357180106819,-0.596092481542916,0.149561701037762,-3.98559576019005,6.73110235482212e-05,0.0023405213514213,TRUE,FALSE,FALSE,FALSE,TRUE,2
"COL16A1","ENSG00000084636",72.0221973127675,1.05184330922418,0.288722825266778,3.64309024841483,0.00026938433428781,0.00669068699834398,TRUE,FALSE,FALSE,FALSE,TRUE,2
"CTNNB1","ENSG00000168036",89.8585108951993,1.02209597683115,0.0646066041950842,15.8203018029683,2.25409575758646e-56,3.60542616425954e-52,FALSE,TRUE,FALSE,FALSE,FALSE,1
"PAPPA","ENSG00000182752",100.825699223202,1.60830927699724,0.114008837408928,14.1068825325228,3.44472554089436e-45,1.83661283422018e-41,FALSE,FALSE,TRUE,FALSE,FALSE,1
"IGF1","ENSG00000017427",118.545130628251,1.48005890479098,0.112667221310961,13.1365528284933,2.03278218645249e-39,8.12858776807689e-36,FALSE,FALSE,TRUE,FALSE,FALSE,1
"IGFBP7","ENSG00000163453",302.218211489221,0.652381204689333,0.0519937535736306,12.5472996244726,4.1129831396564e-36,1.0964527553134e-32,FALSE,FALSE,TRUE,FALSE,FALSE,1
"IL6ST","ENSG00000134352",140.571212723011,1.05377869983654,0.0855329552851901,12.3201483723198,7.05643427742244e-35,1.61239523239103e-31,FALSE,FALSE,FALSE,TRUE,FALSE,1
"TIMP2","ENSG00000035862",72.3981707271849,1.30732694376931,0.114439722956182,11.423716433409,3.18324160160041e-30,5.65732771306651e-27,TRUE,FALSE,FALSE,FALSE,FALSE,1
"AXL","ENSG00000167601",96.065147092901,1.26715032610593,0.114154046095823,11.1003540342517,1.24947957483661e-28,1.99854257995116e-25,FALSE,TRUE,FALSE,FALSE,FALSE,1
"CTSB","ENSG00000164733",47.9321628904049,2.13346584300113,0.219249234776455,9.73077897022717,2.22879565566103e-22,2.22809915701863e-19,TRUE,FALSE,FALSE,FALSE,FALSE,1
"FAS","ENSG00000026103",29.2381780112615,1.17115252322747,0.124256721154018,9.42526498647753,4.29020901386579e-21,3.61167858825175e-18,FALSE,FALSE,FALSE,FALSE,TRUE,1
"C3","ENSG00000125730",91.3838276787772,1.48903894415425,0.165522872893041,8.99597087779191,2.34153375010035e-19,1.78346820632643e-16,FALSE,FALSE,TRUE,FALSE,FALSE,1
"PECAM1","ENSG00000261371",35.8171738569269,1.33420028962483,0.150581519826851,8.86031892332466,7.97858578445061e-19,5.54858607053424e-16,TRUE,FALSE,FALSE,FALSE,FALSE,1
"SERPINE2","ENSG00000135919",85.6457314414522,1.42582627243949,0.167957062555812,8.48923082329862,2.08009213444953e-17,1.33084294762081e-14,FALSE,FALSE,FALSE,FALSE,TRUE,1
"CCL2","ENSG00000108691",33.8828796905075,2.0343890738203,0.239937579864148,8.47882634713648,2.27476897488621e-17,1.39942037512711e-14,FALSE,FALSE,FALSE,TRUE,FALSE,1
"ETS2","ENSG00000157557",21.1774584421689,1.42329313741486,0.174729825174501,8.14567939957261,3.77158208111872e-16,2.15451626383907e-13,FALSE,FALSE,FALSE,TRUE,FALSE,1
"CXCL12","ENSG00000107562",57.0395310974732,1.18586255819583,0.147188476018716,8.05676225661195,7.83418091096149e-16,4.17692412236097e-13,FALSE,FALSE,FALSE,FALSE,TRUE,1
"GFPT2","ENSG00000131459",130.865006657837,1.11023776693946,0.138121601151832,8.03811827897232,9.12285504591482e-16,4.7070989180454e-13,FALSE,FALSE,FALSE,TRUE,FALSE,1
"IL32","ENSG00000008517",14.9792262030003,1.45936842532473,0.183162802717395,7.96760261184916,1.61782114472358e-15,7.841530063592e-13,FALSE,FALSE,FALSE,FALSE,TRUE,1
"FAM20C","ENSG00000177706",69.4531452285902,1.57750399775182,0.213186626874274,7.39963862124497,1.36555606037567e-13,5.46051729642723e-11,FALSE,FALSE,TRUE,FALSE,FALSE,1
"NAMPT","ENSG00000105835",119.446167876356,0.666678537902817,0.0939938905944185,7.09278585753535,1.31438764908621e-12,4.14995155232646e-10,FALSE,FALSE,FALSE,TRUE,FALSE,1
"SLIT3","ENSG00000184347",105.93898040775,0.983825181789095,0.138725967590668,7.09186029750408,1.32321056060425e-12,4.14995155232646e-10,FALSE,FALSE,FALSE,FALSE,TRUE,1
"IL15","ENSG00000164136",22.4234626275075,1.33216753609493,0.191051811866013,6.9728076540263,3.10677267702239e-12,9.37600546584397e-10,FALSE,FALSE,FALSE,FALSE,TRUE,1
"IGFBP5","ENSG00000115461",44.2954450756753,1.25621209411859,0.182491364803247,6.88367964957124,5.83259598490106e-12,1.69622495960895e-09,FALSE,FALSE,TRUE,FALSE,FALSE,1
"FOS","ENSG00000170345",92.5015499138969,0.89611115102854,0.144862779176247,6.18593096255794,6.17370240186903e-10,1.35271739613555e-07,FALSE,FALSE,FALSE,TRUE,FALSE,1
"PLAU","ENSG00000122861",15.4489347956849,1.72355438018044,0.28107532852193,6.13200165679415,8.67801998921019e-10,1.85073239636556e-07,FALSE,FALSE,FALSE,TRUE,FALSE,1
"THBS2","ENSG00000186340",114.461110836682,0.797956891910714,0.133162633942414,5.99234836595221,2.06832262290806e-09,4.04225540632773e-07,FALSE,FALSE,FALSE,FALSE,TRUE,1
"EGR1","ENSG00000120738",67.3897498134969,0.764823658553347,0.127640035870709,5.99203575379799,2.07230349058377e-09,4.04225540632773e-07,FALSE,FALSE,FALSE,TRUE,FALSE,1
"CDKN1A","ENSG00000124762",10.0403385972716,1.28546443080526,0.216567000551363,5.9356431383016,2.92695831196432e-09,5.32007934089423e-07,FALSE,FALSE,FALSE,TRUE,FALSE,1
"FOSL2","ENSG00000075426",58.9309640012946,0.763067677520152,0.132317459617036,5.76694624978959,8.0720782494316e-09,1.37354139999637e-06,FALSE,FALSE,FALSE,TRUE,FALSE,1
"SPSB1","ENSG00000171621",76.0557331569768,0.64959000351147,0.113654865089703,5.71546148067463,1.09406702895054e-08,1.78567368653713e-06,FALSE,FALSE,FALSE,TRUE,FALSE,1
"PFKFB3","ENSG00000170525",53.5847483739391,0.604861721515068,0.10966378240878,5.5156014887431,3.47589086404214e-08,4.79283399744431e-06,FALSE,FALSE,FALSE,TRUE,FALSE,1
"EGR3","ENSG00000179388",11.1878172637652,1.5784185625126,0.29932777823821,5.27321109922672,1.34057212851469e-07,1.56514242303594e-05,FALSE,FALSE,FALSE,TRUE,FALSE,1
"NFIL3","ENSG00000165030",25.8799361198374,0.89787102433421,0.17235748835893,5.209353146667,1.89500126351309e-07,2.04800981147918e-05,FALSE,FALSE,FALSE,TRUE,FALSE,1
"PXN","ENSG00000089159",41.1428048691426,0.578141546909941,0.111979083967429,5.16294227838212,2.43098119649175e-07,2.47665886865513e-05,FALSE,TRUE,FALSE,FALSE,FALSE,1
"PGF","ENSG00000119630",7.42438265647082,1.38480997896873,0.269984172800715,5.12922651947792,2.90935092479653e-07,2.89037689702612e-05,FALSE,TRUE,FALSE,FALSE,FALSE,1
"TAGLN","ENSG00000149591",46.453045643563,0.622559075875791,0.122094357481236,5.09899956655628,3.41453333679304e-07,3.33021101963444e-05,FALSE,FALSE,FALSE,FALSE,TRUE,1
"ZFP36","ENSG00000128016",48.2771418884517,0.762670830560271,0.150060772525171,5.08241306322971,3.7266989323075e-07,3.59087647122039e-05,FALSE,FALSE,FALSE,TRUE,FALSE,1
"MUSK","ENSG00000030304",92.3700315764531,-0.964169837971451,0.191967651593015,-5.02256411416419,5.09861688089233e-07,4.68691821895821e-05,TRUE,FALSE,FALSE,FALSE,FALSE,1
"COL15A1","ENSG00000204291",193.540228202858,-0.703296635470623,0.141207172582413,-4.9806013576269,6.33869926814133e-07,5.72810705050399e-05,TRUE,FALSE,FALSE,FALSE,FALSE,1
"PRR5","ENSG00000186654",12.5450389947481,1.18183067467067,0.241518554460624,4.89333284272927,9.91425238116109e-07,8.30253753071579e-05,FALSE,TRUE,FALSE,FALSE,FALSE,1
"SOCS3","ENSG00000184557",15.5720159570047,1.1198109216277,0.235019242079467,4.76476271355288,1.89076022296062e-06,0.00014265429135026,FALSE,FALSE,FALSE,TRUE,FALSE,1
"SGK1","ENSG00000118515",21.7135423676104,1.21681836628005,0.256936590985307,4.73587028462456,2.18117068874448e-06,0.000162268954262642,FALSE,FALSE,FALSE,TRUE,FALSE,1
"TPM4","ENSG00000167460",113.724389330981,0.565176749171669,0.11944750976185,4.73159089125005,2.22767030992126e-06,0.000164537804567714,FALSE,FALSE,FALSE,FALSE,TRUE,1
"MAFF","ENSG00000185022",15.3205008155856,1.10376490307817,0.234111656643147,4.71469434245483,2.42073859951386e-06,0.000172855865621536,FALSE,FALSE,FALSE,TRUE,FALSE,1
"NR4A3","ENSG00000119508",26.5530890461443,1.00216082391618,0.214787037466016,4.66583475306206,3.07366648505323e-06,0.000208050162376205,FALSE,FALSE,FALSE,TRUE,FALSE,1
"RELB","ENSG00000104856",27.5619331012235,0.906864247542136,0.194271014187823,4.66803682131071,3.04091410559064e-06,0.000208050162376205,FALSE,FALSE,FALSE,TRUE,FALSE,1
"NR4A1","ENSG00000123358",114.116633220722,0.739309741293798,0.160416392909449,4.60869196648199,4.0521014256853e-06,0.00026694476063591,FALSE,FALSE,FALSE,TRUE,FALSE,1
"PLEC","ENSG00000178209",41.9138693255913,0.606919648579071,0.131695186252104,4.60851809281203,4.05549089306196e-06,0.00026694476063591,TRUE,FALSE,FALSE,FALSE,FALSE,1
"MMP19","ENSG00000123342",46.1323962458925,0.852004232604103,0.18521506883399,4.60008053323005,4.22327635636533e-06,0.000276849611967473,TRUE,FALSE,FALSE,FALSE,FALSE,1
"TNFRSF12A","ENSG00000006327",9.24691191504409,1.32580449897175,0.29190976908869,4.54182983704437,5.57680478079553e-06,0.000347085573808656,FALSE,FALSE,FALSE,FALSE,TRUE,1
"NTM","ENSG00000182667",60.2592417905989,1.02672594511514,0.228488669674973,4.49355299138316,7.00445810636979e-06,0.000414949286708833,FALSE,FALSE,FALSE,FALSE,TRUE,1
"COL4A5","ENSG00000188153",45.7272257648599,-0.545371238258629,0.12221836659015,-4.46226908012517,8.10963011988306e-06,0.000467927330368286,TRUE,FALSE,FALSE,FALSE,FALSE,1
"JUNB","ENSG00000171223",59.976703297792,0.514394980187112,0.115885946134897,4.43880381826739,9.04602232053961e-06,0.000497022397697271,FALSE,FALSE,FALSE,TRUE,FALSE,1
"TNFRSF11B","ENSG00000164761",2.73249665797849,1.84607085762387,0.415954942001414,4.43815103804585,9.07349422492048e-06,0.000497022397697271,FALSE,FALSE,FALSE,FALSE,TRUE,1
"FLNA","ENSG00000196924",53.2214658079108,0.697173887164149,0.157745365791121,4.41961564872412,9.88765972889283e-06,0.000527177057878803,FALSE,FALSE,FALSE,FALSE,TRUE,1
"CDH11","ENSG00000140937",99.8989226965178,1.2710939215452,0.290790477062284,4.3711676337769,1.23583862538301e-05,0.00063356534657055,FALSE,FALSE,FALSE,FALSE,TRUE,1
"SLC2A3","ENSG00000059804",65.5073350093897,0.660044267095946,0.151562924903908,4.35491903784795,1.33116108327989e-05,0.000669430641137228,FALSE,FALSE,FALSE,TRUE,FALSE,1
"EDN1","ENSG00000078401",2.5576856983521,2.43518059529244,0.559217127736197,4.35462448217645,1.33295218045659e-05,0.000669430641137228,FALSE,FALSE,FALSE,TRUE,FALSE,1
"CCN2","ENSG00000118523",104.390664316311,1.36546916144523,0.31385262962938,4.35066981295545,1.35722298509518e-05,0.000678399426456167,FALSE,FALSE,FALSE,FALSE,TRUE,1
"FOSB","ENSG00000125740",58.8630381185772,1.85454575669578,0.429484434528252,4.3180744343688,1.57396353473009e-05,0.000752163301727893,FALSE,FALSE,FALSE,TRUE,FALSE,1
"KDM6B","ENSG00000132510",16.280403481565,0.917906822822107,0.212681929021738,4.31586654796745,1.58978007527104e-05,0.000756801556665484,FALSE,FALSE,FALSE,TRUE,FALSE,1
"PHLDA1","ENSG00000139289",16.0048102543355,1.54082894704321,0.359332618845678,4.28802971462199,1.80264982809764e-05,0.000836591373596194,FALSE,FALSE,FALSE,TRUE,FALSE,1
"MAP2K3","ENSG00000034152",22.7722268438802,0.612228960440033,0.142883361900845,4.2848163165764,1.82890228054559e-05,0.000841016397644211,FALSE,FALSE,FALSE,TRUE,FALSE,1
"PTGS2","ENSG00000073756",6.42280777442545,1.58773169958002,0.371189107594649,4.27741996490338,1.89071902066965e-05,0.00086327361498808,FALSE,FALSE,FALSE,TRUE,FALSE,1
"FOSL1","ENSG00000175592",6.66486468556744,2.16704442201098,0.515422687627192,4.20440247205108,2.61772779969994e-05,0.00111959869964581,FALSE,FALSE,FALSE,TRUE,FALSE,1
"NRP2","ENSG00000118257",14.470683496079,1.05060220521615,0.250267072165476,4.19792422601043,2.69372726351048e-05,0.00114590871223006,FALSE,TRUE,FALSE,FALSE,FALSE,1
"GCH1","ENSG00000131979",9.37436317003385,1.16420516287242,0.277734815460429,4.1917869063063,2.76765896144175e-05,0.00116496592337529,FALSE,FALSE,FALSE,TRUE,FALSE,1
"CXCL2","ENSG00000081041",4.310770441686,2.65769088323411,0.637932857525857,4.16609812753905,3.09857369421556e-05,0.00126756230790225,FALSE,FALSE,FALSE,TRUE,FALSE,1
"MXRA5","ENSG00000101825",34.0026424860532,1.22552448692431,0.299383886705104,4.09348846530096,4.24931224937973e-05,0.00163777709467057,FALSE,FALSE,FALSE,FALSE,TRUE,1
"NTN4","ENSG00000074527",97.6550392046288,-0.584976718043515,0.14319027635514,-4.08531035021301,4.40179414392913e-05,0.00168841000796514,TRUE,FALSE,FALSE,FALSE,FALSE,1
"TNFAIP8","ENSG00000145779",21.37275311391,0.677143798771576,0.166202599539881,4.07420702592015,4.61713960754955e-05,0.00175418403854525,FALSE,FALSE,FALSE,TRUE,FALSE,1
"APOL1","ENSG00000100342",8.85073655609659,0.955305357271953,0.235250451024039,4.0608013847095,4.89045622116838e-05,0.00184923988788625,FALSE,FALSE,TRUE,FALSE,FALSE,1
"DUSP1","ENSG00000120129",80.6474282024758,0.500555341905176,0.124141807099751,4.03212546682978,5.52746620655059e-05,0.00202972946031756,FALSE,FALSE,FALSE,TRUE,FALSE,1
"DUSP5","ENSG00000138166",4.64525301685194,1.74738059648252,0.437756052429284,3.9916766125462,6.56078003421177e-05,0.00230129453679948,FALSE,FALSE,FALSE,TRUE,FALSE,1
"CHRDL1","ENSG00000101938",4.61425784698194,1.58182625455186,0.397805891353802,3.97637714506598,6.99731221435064e-05,0.00241211226009781,FALSE,FALSE,TRUE,FALSE,FALSE,1
"KLF4","ENSG00000136826",16.6183912271084,0.839479303310884,0.212455547713745,3.95131740425046,7.77221612012667e-05,0.00258454463287788,FALSE,FALSE,FALSE,TRUE,FALSE,1
"EMILIN1","ENSG00000138080",26.5296779924195,0.60191017327467,0.153648604053937,3.91744641600112,8.9491929862922e-05,0.00287434421316755,TRUE,FALSE,FALSE,FALSE,FALSE,1
"BHLHE40","ENSG00000134107",36.596150937199,0.753857871037064,0.193221630226697,3.9015190491489,9.55909376498674e-05,0.00302767732219728,FALSE,FALSE,FALSE,TRUE,FALSE,1
"IGFBP6","ENSG00000167779",22.2090980069619,1.31195367895959,0.337640442670834,3.88565323686243,0.000102055094165846,0.00317250939846461,FALSE,FALSE,TRUE,FALSE,FALSE,1
"CTSD","ENSG00000117984",20.0882288488392,0.710556134442737,0.185410763693019,3.8323348671342,0.000126932799442257,0.00378922471278648,TRUE,FALSE,FALSE,FALSE,FALSE,1
"NFKB2","ENSG00000077150",14.373763957266,0.817680934041827,0.213753227375365,3.82535012023901,0.000130586363077785,0.00387519272250311,FALSE,FALSE,FALSE,TRUE,FALSE,1
"F3","ENSG00000117525",19.7307857062404,0.981127781531775,0.261483633014662,3.75215752596171,0.000175319241222137,0.00484323188833866,FALSE,FALSE,FALSE,TRUE,FALSE,1
"SHB","ENSG00000107338",16.5729049550375,1.13290271687511,0.30274855011752,3.74205827388883,0.000182519175574143,0.00496495614508234,FALSE,TRUE,FALSE,FALSE,FALSE,1
"TLL2","ENSG00000095587",64.616772628452,-1.76354064303817,0.486852792322572,-3.62232829070374,0.000291963260647343,0.00711882980800954,TRUE,FALSE,FALSE,FALSE,FALSE,1
"MYC","ENSG00000136997",15.5769102638252,0.895249352214616,0.24736990512157,3.61907141361696,0.000295662045531515,0.00716532487617664,FALSE,FALSE,FALSE,TRUE,FALSE,1
"PANX1","ENSG00000110218",17.4049514209127,0.59812745105682,0.165446863032774,3.61522388573988,0.00030008816685211,0.00722878046505949,FALSE,FALSE,FALSE,TRUE,FALSE,1
"MAPK12","ENSG00000188130",5.03594109554982,1.17969942244917,0.32689784630571,3.60877086154289,0.0003076511915521,0.0073851941328164,FALSE,TRUE,FALSE,FALSE,FALSE,1
"GPC3","ENSG00000147257",15.8023985592433,1.08601665227432,0.301897501752384,3.59730254795241,0.0003215344089802,0.00759990369873796,FALSE,FALSE,TRUE,FALSE,FALSE,1
"NCKAP1L","ENSG00000123338",3.75763378570178,1.3620064691592,0.380676955042274,3.57785374480562,0.000346427195441477,0.00796974225971206,FALSE,TRUE,FALSE,FALSE,FALSE,1
"EHD1","ENSG00000110047",12.2520385862874,0.714279247195403,0.199874828058795,3.57363282876866,0.000352062520457043,0.00805613736010071,FALSE,FALSE,FALSE,TRUE,FALSE,1
"CAPN15","ENSG00000103326",14.518084130499,0.7033715637203,0.197293341688712,3.5651054298126,0.000363709954397637,0.00827530685716956,TRUE,FALSE,FALSE,FALSE,FALSE,1
"COL28A1","ENSG00000215018",15.9046439958954,-1.15900588804896,0.326858629398985,-3.54589349585199,0.00039128431520569,0.00869248975238195,TRUE,FALSE,FALSE,FALSE,FALSE,1
"ATF3","ENSG00000162772",13.5766073345556,1.32690815620858,0.374672012702303,3.54151927879087,0.000397829785205314,0.00882375195674768,FALSE,FALSE,FALSE,TRUE,FALSE,1
"IL18","ENSG00000150782",7.36362622592928,1.00322913786386,0.284732867194132,3.52340475390166,0.000426040193597509,0.00920931927176454,FALSE,FALSE,FALSE,TRUE,FALSE,1
"VEGFD","ENSG00000165197",25.4446722424343,-0.953330644029732,0.272792551267765,-3.49470921987885,0.000474578488652597,0.00989521696327185,FALSE,TRUE,FALSE,FALSE,FALSE,1
"FGF7","ENSG00000140285",109.016673933601,1.497512391635,0.127722901414294,11.7246975683517,9.52405737017808e-32,1.90421622044998e-28,FALSE,FALSE,FALSE,FALSE,FALSE,0
"HMGB1","ENSG00000189403",131.320390204925,1.03127844056306,0.0940705098280392,10.9628239758478,5.76711721109565e-28,8.38591270831591e-25,FALSE,FALSE,FALSE,FALSE,FALSE,0
"ANGPTL4","ENSG00000167772",44.8673612531111,3.30317998487399,0.305671180314519,10.8063180227694,3.21309049742711e-27,3.95333711587282e-24,FALSE,FALSE,FALSE,FALSE,FALSE,0
"TNFRSF1A","ENSG00000067182",39.8833291233493,1.25540259439025,0.126317057198939,9.93850412785578,2.83045443842668e-23,3.23379419590249e-20,FALSE,FALSE,FALSE,FALSE,FALSE,0
"NAP1L4","ENSG00000205531",65.5097426852522,0.89052543395922,0.0897761729332292,9.9193962592006,3.42823522437292e-23,3.65564149425632e-20,FALSE,FALSE,FALSE,FALSE,FALSE,0
"PTBP1","ENSG00000011304",34.000279186341,1.25999848749286,0.132089545512447,9.53897208597879,1.4425500423827e-21,1.35726987811243e-18,FALSE,FALSE,FALSE,FALSE,FALSE,0
"ACVR1B","ENSG00000135503",31.5848881936178,1.20967025740724,0.145089276059937,8.33742017506185,7.59288730505781e-17,4.49808268312592e-14,FALSE,FALSE,FALSE,FALSE,FALSE,0
"HGF","ENSG00000019991",36.4353099257449,1.82358105397192,0.22728255640833,8.02340963947856,1.02849650138697e-15,5.14087548115141e-13,FALSE,FALSE,FALSE,FALSE,FALSE,0
"TUBGCP2","ENSG00000130640",34.8618707662778,1.08688947050845,0.13888801231599,7.82565357790293,5.05026247007255e-15,2.30796994882315e-12,FALSE,FALSE,FALSE,FALSE,FALSE,0
"NRG1","ENSG00000157168",16.8704698248656,2.93506390627095,0.389707398097359,7.53145544734487,5.01778329239547e-14,2.1691741557261e-11,FALSE,FALSE,FALSE,FALSE,FALSE,0
"ST3GAL1","ENSG00000008513",106.316344425026,0.539953390538312,0.0717727565251612,7.52309673864931,5.34938124252602e-14,2.25166718353168e-11,FALSE,FALSE,FALSE,FALSE,FALSE,0
"PLAT","ENSG00000104368",10.8421229384223,2.13264560046951,0.288902739053013,7.38188086225854,1.56068822054898e-13,6.08858733845876e-11,FALSE,FALSE,FALSE,FALSE,FALSE,0
"RPS6KA5","ENSG00000100784",33.7892592571329,1.14169891876266,0.154818589163796,7.37443045392148,1.65049108107411e-13,6.2856202004239e-11,FALSE,FALSE,FALSE,FALSE,FALSE,0
"SCAMP4","ENSG00000227500",16.673858647287,1.44061564963965,0.195879037069102,7.35461880554084,1.91472740800874e-13,7.12234067234879e-11,FALSE,FALSE,FALSE,FALSE,FALSE,0
"ANGPT1","ENSG00000154188",70.3363205050201,1.29712191550287,0.176729680120223,7.33958164027959,2.14262535538135e-13,7.78893012711923e-11,FALSE,FALSE,FALSE,FALSE,FALSE,0
"FRMD3","ENSG00000172159",74.6851086169063,-0.788355112118761,0.107962047477458,-7.30215043655382,2.83204359208909e-13,9.84750809901413e-11,FALSE,FALSE,FALSE,FALSE,FALSE,0
"BEX3","ENSG00000166681",20.0673224681892,1.36567263628928,0.187485310763931,7.28415805336797,3.23685358652103e-13,1.10156325779583e-10,FALSE,FALSE,FALSE,FALSE,FALSE,0
"LRRTM4","ENSG00000176204",21.8132357739451,-1.85627977013907,0.260480128510459,-7.12637766555974,1.0304473852527e-12,3.43375123481605e-10,FALSE,FALSE,FALSE,FALSE,FALSE,0
"KCND2","ENSG00000184408",31.6867016540862,1.69758342570503,0.238414825362596,7.1202930569575,1.07697823658533e-12,3.51556467228212e-10,FALSE,FALSE,FALSE,FALSE,FALSE,0
"MT2A","ENSG00000125148",52.0164478410107,0.999250842791416,0.142453939805143,7.0145539264007,2.30683742739282e-12,7.09574320214389e-10,FALSE,FALSE,FALSE,FALSE,FALSE,0
"CD9","ENSG00000010278",28.5236314840267,1.25285856796205,0.180364025324585,6.94627748359124,3.75050736932834e-12,1.11091417356309e-09,FALSE,FALSE,FALSE,FALSE,FALSE,0
"IL4R","ENSG00000077238",79.9509533484744,0.951722805717582,0.139636315683058,6.81572555865603,9.37891916640407e-12,2.67885378690416e-09,FALSE,FALSE,FALSE,FALSE,FALSE,0
"KCNMB2","ENSG00000197584",101.28858735782,-1.39121289484564,0.206162926369372,-6.74812353193447,1.49769412858771e-11,4.13027889426904e-09,FALSE,FALSE,FALSE,FALSE,FALSE,0
"CDK8","ENSG00000132964",152.803552543353,-0.541468815997804,0.0808677273409193,-6.69573430343972,2.1459131259559e-11,5.72064674161078e-09,FALSE,FALSE,FALSE,FALSE,FALSE,0
"NTRK2","ENSG00000148053",12.861683205305,2.292805917693,0.355716707830561,6.445595236941,1.15147592439967e-10,2.97062216302786e-08,FALSE,FALSE,FALSE,FALSE,FALSE,0
"ADAMTSL1","ENSG00000178031",36.8715353385167,1.32214437750267,0.205841297272074,6.42312497552472,1.33504794990811e-10,3.38953840615558e-08,FALSE,FALSE,FALSE,FALSE,FALSE,0
"LMNA","ENSG00000160789",96.2594161008332,0.839762740882081,0.131092925364722,6.40585858119898,1.49525513928048e-10,3.73696968012363e-08,FALSE,FALSE,FALSE,FALSE,FALSE,0
"NEK6","ENSG00000119408",29.4378728956513,1.3592809656971,0.212340316537219,6.4014266714105,1.53931739210033e-10,3.78790487486843e-08,FALSE,FALSE,FALSE,FALSE,FALSE,0
"FLRT2","ENSG00000185070",66.0532626476891,0.682306483667356,0.107916429586985,6.32254501264227,2.57290040241665e-10,6.14231969203796e-08,FALSE,FALSE,FALSE,FALSE,FALSE,0
"EYA2","ENSG00000064655",37.5461538035982,1.03867389239313,0.164485997006985,6.31466453858089,2.70748126171278e-10,6.36855335016115e-08,FALSE,FALSE,FALSE,FALSE,FALSE,0
"PREX2","ENSG00000046889",114.397604263015,-0.567337495186141,0.0905672562553003,-6.26426722685373,3.74582638441204e-10,8.68325985777834e-08,FALSE,FALSE,FALSE,FALSE,FALSE,0
"SCN7A","ENSG00000136546",297.131880842622,-0.772491305358649,0.123457302960356,-6.25715358132122,3.92067273238071e-10,8.95873719348992e-08,FALSE,FALSE,FALSE,FALSE,FALSE,0
"NAV2","ENSG00000166833",113.671065336865,0.906502802868979,0.145025823340065,6.25063028081116,4.08799563062017e-10,9.209505649545e-08,FALSE,FALSE,FALSE,FALSE,FALSE,0
"GMFG","ENSG00000130755",3.52992628538372,2.42699555786825,0.392100204309432,6.18973295906,6.02662247298678e-10,1.33883092299199e-07,FALSE,FALSE,FALSE,FALSE,FALSE,0
"STK10","ENSG00000072786",38.2769029376009,1.02827720818349,0.168738250061492,6.09391888210745,1.10179506982331e-09,2.28872884958752e-07,FALSE,FALSE,FALSE,FALSE,FALSE,0
"IQGAP2","ENSG00000145703",37.0633559091591,0.899621026617898,0.147858971836972,6.08431815425993,1.16988094554718e-09,2.39900586205476e-07,FALSE,FALSE,FALSE,FALSE,FALSE,0
"PLCH1","ENSG00000114805",31.1264708008721,-1.74628623327683,0.290216753595336,-6.01717926909129,1.77482496690138e-09,3.54854066819845e-07,FALSE,FALSE,FALSE,FALSE,FALSE,0
"HEYL","ENSG00000163909",86.07475835495,-0.770494802709292,0.129199932807123,-5.96358516578743,2.46762742162377e-09,4.75538561552678e-07,FALSE,FALSE,FALSE,FALSE,FALSE,0
"CLSTN2","ENSG00000158258",70.1265399746805,-0.790613294100701,0.132711484303827,-5.95738415743047,2.56307269402196e-09,4.88051758820014e-07,FALSE,FALSE,FALSE,FALSE,FALSE,0
"PLIN2","ENSG00000147872",43.6577409315077,0.645363346424303,0.108723710385126,5.93581054342485,2.92397298450313e-09,5.32007934089423e-07,FALSE,FALSE,FALSE,FALSE,FALSE,0
"PVT1","ENSG00000249859",107.921504388505,1.48973901340786,0.25147975627454,5.92389238592039,3.14409247739618e-09,5.62760583077001e-07,FALSE,FALSE,FALSE,FALSE,FALSE,0
"PIGF","ENSG00000151665",25.9066313033414,0.965800707053417,0.163066974692896,5.92272413756563,3.16651781662583e-09,5.62760583077001e-07,FALSE,FALSE,FALSE,FALSE,FALSE,0
"PLA2G5","ENSG00000127472",249.424304532783,-0.606347607078543,0.102496936404262,-5.91576322522485,3.30340140869569e-09,5.80636324528435e-07,FALSE,FALSE,FALSE,FALSE,FALSE,0
"SLC39A14","ENSG00000104635",63.2962692722317,0.764949320766559,0.129945701897302,5.88668428118622,3.94020375750824e-09,6.85038685884178e-07,FALSE,FALSE,FALSE,FALSE,FALSE,0
"SEPTIN9","ENSG00000184640",65.2188733828998,0.980572958339808,0.168209212907296,5.82948425589639,5.55989420039997e-09,9.56242018660189e-07,FALSE,FALSE,FALSE,FALSE,FALSE,0
"CD55","ENSG00000196352",45.3143884598998,1.09300264301524,0.189890284121728,5.75596928547736,8.61460491202277e-09,1.45042742702952e-06,FALSE,FALSE,FALSE,FALSE,FALSE,0
"RASA3","ENSG00000185989",71.984003631724,0.620527021004093,0.108369017433912,5.72605561716493,1.02792533911251e-08,1.71267352074007e-06,FALSE,FALSE,FALSE,FALSE,FALSE,0
"PCBP3","ENSG00000183570",41.3902054946754,1.73628918059706,0.303420074808609,5.72239388475622,1.05033448132348e-08,1.73196907513083e-06,FALSE,FALSE,FALSE,FALSE,FALSE,0
"ACSM1","ENSG00000166743",45.0950903520228,-2.15979739030084,0.378119461057543,-5.71194453800449,1.11692492719809e-08,1.80456709197307e-06,FALSE,FALSE,FALSE,FALSE,FALSE,0
NA,"ENSG00000174899",29.685725081461,-1.23013157055707,0.215581297786623,-5.70611450616013,1.15584256469596e-08,1.84877018223119e-06,FALSE,FALSE,FALSE,FALSE,FALSE,0
"SGIP1","ENSG00000118473",131.631720714401,-0.63481221217216,0.111342658262326,-5.70142856367347,1.18807523186261e-08,1.88151122115272e-06,FALSE,FALSE,FALSE,FALSE,FALSE,0
"SH3RF3","ENSG00000172985",73.7877884806965,0.526228517313927,0.0923869602716769,5.69591764645658,1.22710102204077e-08,1.9242628281904e-06,FALSE,FALSE,FALSE,FALSE,FALSE,0
"MAMLD1","ENSG00000013619",11.9570153380488,1.3376057810434,0.234965003774558,5.69278726429741,1.24982072164525e-08,1.94086237307921e-06,FALSE,FALSE,FALSE,FALSE,FALSE,0
"THUMPD1","ENSG00000066654",46.4730805801482,-0.830374751204749,0.146769970303295,-5.65766109708144,1.53449760803257e-08,2.33755135623628e-06,FALSE,FALSE,FALSE,FALSE,FALSE,0
"ADAMTS9-AS2","ENSG00000241684",90.0972752419952,-0.712178164114552,0.127194699351932,-5.5991182631286,2.15444790125841e-08,3.16150405326865e-06,FALSE,FALSE,FALSE,FALSE,FALSE,0
"KCNN3","ENSG00000143603",28.6390373306635,-1.15083116887839,0.205738265113162,-5.59366614783791,2.22324267266689e-08,3.2327969590279e-06,FALSE,FALSE,FALSE,FALSE,FALSE,0
"CTSC","ENSG00000109861",46.2713705833347,0.870396804669539,0.156283631165344,5.56934080798701,2.55704892776219e-08,3.65178549996038e-06,FALSE,FALSE,FALSE,FALSE,FALSE,0
"MIF","ENSG00000240972",20.3489973864665,1.30703440909976,0.235732960963561,5.54455517699877,2.94702394307839e-08,4.17147327164061e-06,FALSE,FALSE,FALSE,FALSE,FALSE,0
"TNFRSF1B","ENSG00000028137",13.2267132696504,1.38693523273612,0.250597267814258,5.5345185717033,3.12084363982562e-08,4.37876263324655e-06,FALSE,FALSE,FALSE,FALSE,FALSE,0
"PAPLN","ENSG00000100767",25.9115513239577,0.96315668395261,0.174311449866162,5.52549293056842,3.28561808373402e-08,4.56986619559354e-06,FALSE,FALSE,FALSE,FALSE,FALSE,0
"CNTNAP2","ENSG00000174469",58.0472727913286,1.57378827355611,0.285578440265206,5.51087915493407,3.5704580373435e-08,4.88115182113755e-06,FALSE,FALSE,FALSE,FALSE,FALSE,0
"C1QTNF1","ENSG00000173918",36.2526159085425,1.03533161575182,0.189186488514438,5.4725452323875,4.43617479468102e-08,5.96274082696832e-06,FALSE,FALSE,FALSE,FALSE,FALSE,0
"ELOVL5","ENSG00000012660",47.9387702074131,0.591213681395336,0.10891002174867,5.42845985982512,5.68424261532941e-08,7.5766217193495e-06,FALSE,FALSE,FALSE,FALSE,FALSE,0
"FLNB","ENSG00000136068",34.8042649541691,1.06725820063939,0.197523057954783,5.40320817068207,6.54594158537071e-08,8.58215866049217e-06,FALSE,FALSE,FALSE,FALSE,FALSE,0
"ACSM3","ENSG00000005187",198.097379020411,-1.84114517511264,0.343501253163289,-5.35993728744105,8.32508463344328e-08,1.08259942042216e-05,FALSE,FALSE,FALSE,FALSE,FALSE,0
"CMIP","ENSG00000153815",54.2448008299718,0.902131062853326,0.168744855603652,5.34612483222748,8.98572471844558e-08,1.1498133349723e-05,FALSE,FALSE,FALSE,FALSE,FALSE,0
"SNTG1","ENSG00000147481",12.1821625913354,-1.50011263130735,0.280916919774566,-5.34005795204926,9.2916874575203e-08,1.17952810224633e-05,FALSE,FALSE,FALSE,FALSE,FALSE,0
"NDRG1","ENSG00000104419",57.4696367087927,0.508034595537582,0.0952715733203866,5.33248877741447,9.68757583597215e-08,1.22010059445964e-05,FALSE,FALSE,FALSE,FALSE,FALSE,0
"CSMD2","ENSG00000121904",23.994254673902,1.16063222123544,0.21804359089068,5.32293664993502,1.02105311515452e-07,1.27591754507004e-05,FALSE,FALSE,FALSE,FALSE,FALSE,0
"GSE1","ENSG00000131149",82.9156064765347,1.3949645775199,0.262300945356051,5.31818356821534,1.04808300426461e-07,1.2995416785436e-05,FALSE,FALSE,FALSE,FALSE,FALSE,0
"CPXM2","ENSG00000121898",11.4695453198296,1.55065082862469,0.291916651286045,5.3119642945795,1.08449855451408e-07,1.33390371513859e-05,FALSE,FALSE,FALSE,FALSE,FALSE,0
"HAS2","ENSG00000170961",48.958325789352,0.758007029620515,0.142733944623974,5.31062902813656,1.0924750652276e-07,1.33390371513859e-05,FALSE,FALSE,FALSE,FALSE,FALSE,0
"MTHFD1L","ENSG00000120254",95.9318010314783,0.674938318551427,0.127360196661505,5.29944469499576,1.16155412810317e-07,1.39692167511355e-05,FALSE,FALSE,FALSE,FALSE,FALSE,0
"LCP1","ENSG00000136167",3.75406093153049,2.54061653435257,0.480017678458713,5.29275618037699,1.20486512674961e-07,1.43819535092239e-05,FALSE,FALSE,FALSE,FALSE,FALSE,0
"GASK1B-AS1","ENSG00000248429",99.905944718207,-0.612230711946207,0.116013659856629,-5.27722953230515,1.31151570134302e-07,1.54247747374865e-05,FALSE,FALSE,FALSE,FALSE,FALSE,0
"HIF1A","ENSG00000100644",109.763426913455,0.552445037083409,0.105099137772749,5.25641835690351,1.46887939897255e-07,1.69026805658748e-05,FALSE,FALSE,FALSE,FALSE,FALSE,0
NA,"ENSG00000242759",101.469882429289,-0.537315433252059,0.102465709105698,-5.24385609528933,1.57254866770203e-07,1.78389474751021e-05,FALSE,FALSE,FALSE,FALSE,FALSE,0
"RBM47","ENSG00000163694",42.1799843410376,1.01942980412161,0.194871804518097,5.23128426219781,1.68336415178743e-07,1.86982011165555e-05,FALSE,FALSE,FALSE,FALSE,FALSE,0
"STUM","ENSG00000203685",14.9181612274445,-1.46485363122,0.28000988380189,-5.23143544553019,1.68198774089831e-07,1.86982011165555e-05,FALSE,FALSE,FALSE,FALSE,FALSE,0
"FREM1","ENSG00000164946",112.910072967245,-0.750327608496676,0.143794132822391,-5.2180683159267,1.80798783439872e-07,1.98073735693202e-05,FALSE,FALSE,FALSE,FALSE,FALSE,0
"KITLG","ENSG00000049130",18.1908841759275,1.25353432659397,0.240533938309408,5.21146552292967,1.87354664480791e-07,2.0385971825648e-05,FALSE,FALSE,FALSE,FALSE,FALSE,0
"H19","ENSG00000130600",34.5903771255309,1.25077665075238,0.240679824730486,5.19684876849568,2.02695128168755e-07,2.16140571670615e-05,FALSE,FALSE,FALSE,FALSE,FALSE,0
"DUBR","ENSG00000243701",57.4379182037423,-0.784449858050238,0.150941371982881,-5.19705000521133,2.02475911698694e-07,2.16140571670615e-05,FALSE,FALSE,FALSE,FALSE,FALSE,0
"NABP1","ENSG00000173559",28.8389129733355,1.10387827751992,0.212628879742546,5.19157265398993,2.08525185418811e-07,2.19431601366703e-05,FALSE,FALSE,FALSE,FALSE,FALSE,0
"PLEKHA4","ENSG00000105559",42.6349242982339,0.607702813780191,0.117315471969312,5.18007389459387,2.21798020670415e-07,2.28881247782148e-05,FALSE,FALSE,FALSE,FALSE,FALSE,0
"RGL3","ENSG00000205517",40.8143724496082,-0.73707009401689,0.143211559764465,-5.1467220609085,2.65077628974107e-07,2.68349156673471e-05,FALSE,FALSE,FALSE,FALSE,FALSE,0
"CORIN","ENSG00000145244",37.1310726391967,-0.712985882451181,0.138988133112618,-5.12983278848323,2.89999662637226e-07,2.89037689702612e-05,FALSE,FALSE,FALSE,FALSE,FALSE,0
NA,"ENSG00000276107",10.4686116415961,1.53968955024147,0.30040251384997,5.12542165679227,2.96872592723657e-07,2.93115871642895e-05,FALSE,FALSE,FALSE,FALSE,FALSE,0
"FMN1","ENSG00000248905",49.1463323917312,0.750653966742136,0.146590133343975,5.12076733691702,3.04294894151345e-07,2.98601032635016e-05,FALSE,FALSE,FALSE,FALSE,FALSE,0
"PTGFR","ENSG00000122420",21.2808048836044,0.648959631018688,0.127518065234177,5.08915838573089,3.59656131025918e-07,3.48648473682397e-05,FALSE,FALSE,FALSE,FALSE,FALSE,0
"TNFAIP8L3","ENSG00000183578",7.41204898987994,1.90589408959645,0.375549185686157,5.07495199627245,3.87593838979009e-07,3.71231344578997e-05,FALSE,FALSE,FALSE,FALSE,FALSE,0
"CTIF","ENSG00000134030",80.0875760197374,0.758647428366447,0.149593393785758,5.07139659825454,3.94906816600412e-07,3.74847447216489e-05,FALSE,FALSE,FALSE,FALSE,FALSE,0
"DOCK10","ENSG00000135905",49.4389518220611,0.691765868020722,0.136493027167012,5.06814071296317,4.01720393491812e-07,3.77971629053031e-05,FALSE,FALSE,FALSE,FALSE,FALSE,0
"AEBP1","ENSG00000106624",61.1432630580412,1.45222177194255,0.286659557865764,5.06601552990112,4.06228789554048e-07,3.79978332685205e-05,FALSE,FALSE,FALSE,FALSE,FALSE,0
"ADAMTSL3","ENSG00000156218",195.268851584357,-0.747830874962919,0.147752195953118,-5.06138585716997,4.16219892943092e-07,3.8706030160609e-05,FALSE,FALSE,FALSE,FALSE,FALSE,0
NA,"ENSG00000268555",7.64584766304515,-1.56600376537789,0.311103979033693,-5.03369892677681,4.81105073279865e-07,4.44813621220315e-05,FALSE,FALSE,FALSE,FALSE,FALSE,0
"LMOD1","ENSG00000163431",11.1903673265892,1.50712949431722,0.30137073166402,5.00091527135232,5.70587858372564e-07,5.18554136060748e-05,FALSE,FALSE,FALSE,FALSE,FALSE,0
"PTPRQ","ENSG00000139304",5.12853548989368,2.43558238598401,0.489335242382834,4.97732878205104,6.44677645270887e-07,5.77477765189155e-05,FALSE,FALSE,FALSE,FALSE,FALSE,0
"AMPH","ENSG00000078053",37.8048608347696,-0.799214015174997,0.160586139400776,-4.97685552537253,6.46255204556791e-07,5.77477765189155e-05,FALSE,FALSE,FALSE,FALSE,FALSE,0
"FAT1","ENSG00000083857",57.4400019195094,0.621145290172101,0.125124396124621,4.96422208146727,6.89769800779009e-07,6.12937109081125e-05,FALSE,FALSE,FALSE,FALSE,FALSE,0
"MAMDC2","ENSG00000165072",139.325180698619,-0.986775898548459,0.199016363217739,-4.95826515264401,7.11254479328109e-07,6.28536762257077e-05,FALSE,FALSE,FALSE,FALSE,FALSE,0
"MYOF","ENSG00000138119",121.317464558911,0.595643889130072,0.120893327706233,4.9270203776462,8.34930501903437e-07,7.32709198146484e-05,FALSE,FALSE,FALSE,FALSE,FALSE,0
"APCDD1","ENSG00000154856",63.2007747847744,-1.05092454173659,0.213332262987721,-4.92623350551097,8.38298113540522e-07,7.32709198146484e-05,FALSE,FALSE,FALSE,FALSE,FALSE,0
"ADAM22","ENSG00000008277",22.952475783765,-0.928521395779482,0.188564889556528,-4.92414785150726,8.4728758709509e-07,7.35819695408671e-05,FALSE,FALSE,FALSE,FALSE,FALSE,0
"HK2","ENSG00000159399",11.0193036377762,1.51208675066075,0.307722030595128,4.91380726864567,8.93245620763758e-07,7.68143209898726e-05,FALSE,FALSE,FALSE,FALSE,FALSE,0
"ZNF331","ENSG00000130844",53.4112239122798,0.822276056639072,0.167825264821314,4.89959636002698,9.60337425615125e-07,8.127300064928e-05,FALSE,FALSE,FALSE,FALSE,FALSE,0
"ADGRL3","ENSG00000150471",159.257286403922,-0.695227594092039,0.141997433520552,-4.89605746283728,9.77784851507912e-07,8.23140457887845e-05,FALSE,FALSE,FALSE,FALSE,FALSE,0
"ERI2","ENSG00000196678",26.2829971239633,-0.840826382529558,0.171915606313353,-4.89092526595272,1.00363068303017e-06,8.31765428759982e-05,FALSE,FALSE,FALSE,FALSE,FALSE,0
"SLC22A15","ENSG00000163393",53.5541439130998,-0.615407194143405,0.125814867014899,-4.89137101794599,1.00136004293654e-06,8.31765428759982e-05,FALSE,FALSE,FALSE,FALSE,FALSE,0
"SLC7A1","ENSG00000139514",17.4757462839171,1.30387201398518,0.266937092178172,4.88456663457953,1.03656584010695e-06,8.5463250579952e-05,FALSE,FALSE,FALSE,FALSE,FALSE,0
"GPC6","ENSG00000183098",256.364490166309,1.14439060472015,0.236301499923822,4.84292569064976,1.27941146135553e-06,0.000103354476385766,FALSE,FALSE,FALSE,FALSE,FALSE,0
"GCNT1","ENSG00000187210",26.4375085822774,1.09506850405132,0.22739558858606,4.81569810065544,1.46686156685082e-06,0.000116728610755119,FALSE,FALSE,FALSE,FALSE,FALSE,0
"DBN1","ENSG00000113758",14.3982613378969,1.00351026377265,0.210404030805519,4.76944410204868,1.84734994006146e-06,0.000141379723881737,FALSE,FALSE,FALSE,FALSE,FALSE,0
"NFATC1","ENSG00000131196",42.120121817015,1.05452880947626,0.221224303456554,4.76678553395632,1.87188379049041e-06,0.000141899437103764,FALSE,FALSE,FALSE,FALSE,FALSE,0
"RAB31","ENSG00000168461",71.7960015493131,0.68917531711941,0.144559794942409,4.76740657659324,1.86612480336234e-06,0.000141899437103764,FALSE,FALSE,FALSE,FALSE,FALSE,0
"SERTAD4","ENSG00000082497",13.235441778262,-1.13805845812459,0.240544578672364,-4.73117483838491,2.23224154993397e-06,0.000164537804567714,FALSE,FALSE,FALSE,FALSE,FALSE,0
"PAPSS2","ENSG00000198682",53.6484833747049,0.640091798472344,0.135338710642134,4.72955443003214,2.2501312466525e-06,0.000165095638945903,FALSE,FALSE,FALSE,FALSE,FALSE,0
"CYP27A1","ENSG00000135929",52.3830581941247,-0.631191117916055,0.133772649127816,-4.71838692013171,2.37722044118175e-06,0.0001705096007027,FALSE,FALSE,FALSE,FALSE,FALSE,0
"MICALL2","ENSG00000164877",44.0030208186446,0.791402271267303,0.168038432580003,4.7096504003066,2.48142049570611e-06,0.00017484722832079,FALSE,FALSE,FALSE,FALSE,FALSE,0
"LOC112268136","ENSG00000259072",16.4531498082234,-1.7456603154809,0.370590892484015,-4.71047818736183,2.47136250265563e-06,0.00017484722832079,FALSE,FALSE,FALSE,FALSE,FALSE,0
NA,"ENSG00000233928",43.9836586872213,-1.72251472271651,0.365739162052453,-4.70968083661075,2.48104998579365e-06,0.00017484722832079,FALSE,FALSE,FALSE,FALSE,FALSE,0
"UBASH3B","ENSG00000154127",28.294474025145,1.15524955837057,0.246208060879602,4.69216789346102,2.70325136544379e-06,0.000188814434892023,FALSE,FALSE,FALSE,FALSE,FALSE,0
"RUNX1","ENSG00000159216",159.394478623965,1.03087502945371,0.219848127814912,4.68903255942938,2.74499714187907e-06,0.000190896649062416,FALSE,FALSE,FALSE,FALSE,FALSE,0
"FMO2","ENSG00000094963",100.83118396687,-0.759960823826744,0.162856712912007,-4.66643843067959,3.06465419502604e-06,0.000208050162376205,FALSE,FALSE,FALSE,FALSE,FALSE,0
"NRCAM","ENSG00000091129",6.30820754015466,1.97993327090626,0.424351413421738,4.66578691217536,3.07438178680822e-06,0.000208050162376205,FALSE,FALSE,FALSE,FALSE,FALSE,0
"KCNS3","ENSG00000170745",41.2382945643793,-1.01839439080737,0.218134255769682,-4.66865869926749,3.03172542166932e-06,0.000208050162376205,FALSE,FALSE,FALSE,FALSE,FALSE,0
NA,"ENSG00000270069",12.6061455223806,1.1756751810966,0.252150199216601,4.66259866043839,3.12241311859614e-06,0.000209844528705652,FALSE,FALSE,FALSE,FALSE,FALSE,0
"GPC4","ENSG00000076716",15.0449793397683,-0.766795961906366,0.165922137116954,-4.62142047607469,3.81121426902994e-06,0.000254001550971391,FALSE,FALSE,FALSE,FALSE,FALSE,0
"LINC01748","ENSG00000226476",8.61458714611104,-1.52411104080576,0.332057378933332,-4.58990264183153,4.43452799707686e-06,0.000288334452492863,FALSE,FALSE,FALSE,FALSE,FALSE,0
"PRRX2","ENSG00000167157",12.5982056972542,1.17056786254742,0.255018435052465,4.59013036569923,4.42969255766772e-06,0.000288334452492863,FALSE,FALSE,FALSE,FALSE,FALSE,0
"CYSLTR2","ENSG00000152207",38.6521324544853,-1.83435272213579,0.399810469988189,-4.58805574098641,4.47393194695896e-06,0.00028855057053068,FALSE,FALSE,FALSE,FALSE,FALSE,0
"IL1R1","ENSG00000115594",96.7612950668302,0.50300694709135,0.109656313599125,4.58712253386716,4.49396943208825e-06,0.000288678879784143,FALSE,FALSE,FALSE,FALSE,FALSE,0
"MYO9B","ENSG00000099331",118.310944740596,0.57305167714012,0.125208400181607,4.57678299785753,4.72180807834978e-06,0.000300897690092449,FALSE,FALSE,FALSE,FALSE,FALSE,0
NA,"ENSG00000257022",10.2644077122067,-1.6022301693047,0.350816710683639,-4.56714324178692,4.94416162885701e-06,0.000313816925609396,FALSE,FALSE,FALSE,FALSE,FALSE,0
"PIP5K1C","ENSG00000186111",36.2562824769791,0.583714503134458,0.127946315867388,4.56218296851515,5.06245003276198e-06,0.000320054894363747,FALSE,FALSE,FALSE,FALSE,FALSE,0
"UGCG","ENSG00000148154",54.5522665352233,0.540966724973979,0.119565683177675,4.52443134682801,6.05581058377891e-06,0.000372548808798245,FALSE,FALSE,FALSE,FALSE,FALSE,0
"SLC20A1","ENSG00000144136",83.6902199784258,1.14788250663751,0.253669625047799,4.5251082246099,6.03646074245999e-06,0.000372548808798245,FALSE,FALSE,FALSE,FALSE,FALSE,0
"NFATC2","ENSG00000101096",55.9514293830964,1.74055937980803,0.384992173919598,4.52102535510639,6.15408157633295e-06,0.000372858086414566,FALSE,FALSE,FALSE,FALSE,FALSE,0
"ZNF483","ENSG00000173258",25.1036570855693,-0.708208246276425,0.156644766110125,-4.52111017726912,6.1516158315119e-06,0.000372858086414566,FALSE,FALSE,FALSE,FALSE,FALSE,0
"MIR34AHG","ENSG00000228526",70.0437562573158,0.525789576712918,0.116281729686325,4.52168692477534,6.13487507358531e-06,0.000372858086414566,FALSE,FALSE,FALSE,FALSE,FALSE,0
"LINC01426","ENSG00000234380",13.8152950369244,0.862800174607058,0.191526805032635,4.50485337788642,6.64187856667503e-06,0.000400893764807423,FALSE,FALSE,FALSE,FALSE,FALSE,0
"SAMD11","ENSG00000187634",16.1588022687451,1.28826566924664,0.286345107842781,4.49899660920335,6.82749464606013e-06,0.000409010400238696,FALSE,FALSE,FALSE,FALSE,FALSE,0
"RMST","ENSG00000255794",49.2271765972635,-0.87737953470241,0.195137097727756,-4.49622109234443,6.91718109397243e-06,0.000411302273598844,FALSE,FALSE,FALSE,FALSE,FALSE,0
"LOC101927293","ENSG00000225096",99.2263717712373,-0.625882058450821,0.140187980783757,-4.46459143609651,8.02216843605605e-06,0.000464907913531582,FALSE,FALSE,FALSE,FALSE,FALSE,0
"ABO","ENSG00000175164",13.0581891342475,-0.953772539088355,0.213844479158269,-4.46012234144448,8.19128805896344e-06,0.000467927330368286,FALSE,FALSE,FALSE,FALSE,FALSE,0
"IGDCC4","ENSG00000103742",15.9585917560083,0.891645989121501,0.199913408248795,4.46016101137067,8.18981020023144e-06,0.000467927330368286,FALSE,FALSE,FALSE,FALSE,FALSE,0
"CHST9","ENSG00000154080",31.1699814796166,-1.15586867137732,0.259357124801871,-4.45666828031162,8.32432607124202e-06,0.000472154594005376,FALSE,FALSE,FALSE,FALSE,FALSE,0
NA,"ENSG00000223884",2.68765657659547,-2.60224291789462,0.584152030233656,-4.45473572496829,8.39965958535187e-06,0.00047433034395073,FALSE,FALSE,FALSE,FALSE,FALSE,0
"GPR176","ENSG00000166073",13.2551407356226,1.57362002246422,0.353484335849085,4.45173905283332,8.51776375339247e-06,0.000478040811352675,FALSE,FALSE,FALSE,FALSE,FALSE,0
"TNFSF14","ENSG00000125735",6.35975623844998,1.65630505842542,0.372876471507495,4.44196720626856,8.9140148037578e-06,0.000493221903532897,FALSE,FALSE,FALSE,FALSE,FALSE,0
"DOT1L","ENSG00000104885",30.2491427221234,0.84760470770385,0.190846846307337,4.44128223286898,8.94244151450703e-06,0.000493221903532897,FALSE,FALSE,FALSE,FALSE,FALSE,0
"NIBAN2","ENSG00000136830",30.5461019969793,0.657654663854736,0.148378932162926,4.4322644344994,9.32485556732139e-06,0.000507316546936414,FALSE,FALSE,FALSE,FALSE,FALSE,0
"MEGF6","ENSG00000162591",16.6238826359583,2.44390680327381,0.551987513611151,4.42746754774497,9.53459119584378e-06,0.000515222250599734,FALSE,FALSE,FALSE,FALSE,FALSE,0
"SBNO2","ENSG00000064932",35.8886283661734,0.575709632277505,0.130154740816134,4.4232705521714,9.72178718912787e-06,0.000521812033859397,FALSE,FALSE,FALSE,FALSE,FALSE,0
"PRANCR","ENSG00000257815",89.1637282976328,-0.506835360648126,0.114626784432463,-4.42161370187219,9.79664889835039e-06,0.000524071568993694,FALSE,FALSE,FALSE,FALSE,FALSE,0
"JAK3","ENSG00000105639",15.0245520154005,1.31030826406613,0.297151869762399,4.40955752731372,1.03582040594385e-05,0.000548607529571915,FALSE,FALSE,FALSE,FALSE,FALSE,0
"METTL4","ENSG00000101574",22.0787822020302,-0.61508664454029,0.140013794333041,-4.39304318171127,1.11774914983989e-05,0.000590046127118451,FALSE,FALSE,FALSE,FALSE,FALSE,0
"ARFGAP1","ENSG00000101199",32.4145958635323,1.08925308803064,0.248354208135389,4.3858853699666,1.15514946406112e-05,0.000607783410449264,FALSE,FALSE,FALSE,FALSE,FALSE,0
"SNCAIP","ENSG00000064692",24.2638962139846,0.74700291791379,0.170509017271481,4.38101708559159,1.18126607005071e-05,0.000615819326669483,FALSE,FALSE,FALSE,FALSE,FALSE,0
"NR1D2","ENSG00000174738",38.8956510993047,-0.597313954071439,0.136345443646,-4.38088679825834,1.18197269951567e-05,0.000615819326669483,FALSE,FALSE,FALSE,FALSE,FALSE,0
"HSD17B14","ENSG00000087076",12.9543045388418,1.03517986414424,0.2363731772611,4.37943034035866,1.18989949271537e-05,0.000617936441103325,FALSE,FALSE,FALSE,FALSE,FALSE,0
"PTPRJ","ENSG00000149177",36.7360671233829,1.06320045804951,0.242928238011852,4.37660301145243,1.20543234949545e-05,0.000623977036575396,FALSE,FALSE,FALSE,FALSE,FALSE,0
NA,"ENSG00000286808",13.7012781561595,-0.914615482601509,0.209235053848189,-4.37123448380265,1.23546025012234e-05,0.00063356534657055,FALSE,FALSE,FALSE,FALSE,FALSE,0
"VIPR2","ENSG00000106018",49.2374252090896,-0.947528943873146,0.21725364915727,-4.36139483754876,1.29235908637921e-05,0.000660424395739151,FALSE,FALSE,FALSE,FALSE,FALSE,0
"BCAT1","ENSG00000060982",31.2507908945027,0.601134922462771,0.137856738062787,4.36057700849545,1.2971991775552e-05,0.000660786651114503,FALSE,FALSE,FALSE,FALSE,FALSE,0
"AQP4-AS1","ENSG00000260372",17.1703796883431,-1.81353346570865,0.416014521039792,-4.35930327906797,1.30477184560156e-05,0.00066253414826657,FALSE,FALSE,FALSE,FALSE,FALSE,0
"SLC43A2","ENSG00000167703",12.3591779319123,1.37669045306899,0.316170015768253,4.35427265208502,1.33509455781667e-05,0.000669430641137228,FALSE,FALSE,FALSE,FALSE,FALSE,0
"DDAH1","ENSG00000153904",78.6306926490695,0.755005705496654,0.173629677636966,4.34836783533779,1.37154430966381e-05,0.000681299727735174,FALSE,FALSE,FALSE,FALSE,FALSE,0
"ZNF302","ENSG00000089335",60.4538587245001,-0.633682105050636,0.145724687323319,-4.34848834943585,1.37079099167975e-05,0.000681299727735174,FALSE,FALSE,FALSE,FALSE,FALSE,0
"POLI","ENSG00000101751",27.8339903967731,-0.561786145435114,0.129301105705612,-4.34478995650794,1.39408990517704e-05,0.000690355047470798,FALSE,FALSE,FALSE,FALSE,FALSE,0
"HAS1","ENSG00000105509",9.18792227682892,1.69498614234942,0.390242281556986,4.34342003020989,1.40281556731079e-05,0.000690401076896495,FALSE,FALSE,FALSE,FALSE,FALSE,0
"PIP5K1B","ENSG00000107242",30.9608691596142,-0.564237660868022,0.129938000850197,-4.34236064258461,1.40959896248479e-05,0.000691023203491366,FALSE,FALSE,FALSE,FALSE,FALSE,0
"BMP6","ENSG00000153162",18.0562876186783,0.981745749157373,0.226111020705866,4.3418748280937,1.41272014718147e-05,0.000691023203491366,FALSE,FALSE,FALSE,FALSE,FALSE,0
"PIM1","ENSG00000137193",15.5000269621167,0.875529625313493,0.201995698285066,4.33439737948233,1.46159948838443e-05,0.000710586134246472,FALSE,FALSE,FALSE,FALSE,FALSE,0
"GPRC5A","ENSG00000013588",14.9403282056596,1.22291185355534,0.282190979595773,4.33363197968665,1.46669283932536e-05,0.000710901574697247,FALSE,FALSE,FALSE,FALSE,FALSE,0
"CLSTN3","ENSG00000139182",23.7517066371673,0.682405126319004,0.157534097645848,4.33179315790487,1.47899853901979e-05,0.000714700351408504,FALSE,FALSE,FALSE,FALSE,FALSE,0
NA,"ENSG00000260510",9.33580565364453,-1.29112979872393,0.29852381325233,-4.32504792384046,1.52498705604112e-05,0.000732497536377708,FALSE,FALSE,FALSE,FALSE,FALSE,0
"LMCD1","ENSG00000071282",64.6601842421945,1.22998175280083,0.284857640387087,4.31788226262577,1.57533420493182e-05,0.000752163301727893,FALSE,FALSE,FALSE,FALSE,FALSE,0
"BTBD8","ENSG00000189195",31.7583551381134,-0.535489616485099,0.124204567264666,-4.31135205635418,1.6225932150893e-05,0.000766112564587653,FALSE,FALSE,FALSE,FALSE,FALSE,0
"TSPAN5","ENSG00000168785",34.3725415353369,0.989694862751683,0.229563654194918,4.31120016024555,1.62370840509668e-05,0.000766112564587653,FALSE,FALSE,FALSE,FALSE,FALSE,0
"SAMHD1","ENSG00000101347",140.100935009907,0.582623756987794,0.135339045782183,4.30491994103075,1.67046134575761e-05,0.00078585380074685,FALSE,FALSE,FALSE,FALSE,FALSE,0
"ROR2","ENSG00000169071",102.079153801165,0.599877478537093,0.139379805881365,4.30390525186758,1.6781345422906e-05,0.000787148445863288,FALSE,FALSE,FALSE,FALSE,FALSE,0
"MEDAG","ENSG00000102802",37.3762052969481,0.795290259566395,0.18510958126714,4.29632142281535,1.73655738145575e-05,0.000812170623286101,FALSE,FALSE,FALSE,FALSE,FALSE,0
NA,"ENSG00000237978",71.1610535592941,-0.922432119928181,0.215129152989601,-4.28780621830817,1.80446404433065e-05,0.000836591373596194,FALSE,FALSE,FALSE,FALSE,FALSE,0
"RIPOR2","ENSG00000111913",6.58432464996966,1.23971346730642,0.289334320877226,4.2847093409028,1.82978247189863e-05,0.000841016397644211,FALSE,FALSE,FALSE,FALSE,FALSE,0
"DSCAML1","ENSG00000177103",43.2251344178971,-0.914822808708897,0.213462081891392,-4.28564549077318,1.8220935367144e-05,0.000841016397644211,FALSE,FALSE,FALSE,FALSE,FALSE,0
"NLRC5","ENSG00000140853",21.7467828631766,1.01243457367891,0.236716775253264,4.27698701368208,1.89439849240898e-05,0.00086327361498808,FALSE,FALSE,FALSE,FALSE,FALSE,0
"RHOU","ENSG00000116574",10.3145880708763,0.877664994060891,0.205514820107574,4.27056790163109,1.94975845711459e-05,0.000883467040270476,FALSE,FALSE,FALSE,FALSE,FALSE,0
"LOC101927040","ENSG00000249328",6.07821877691194,-1.247043236735,0.292117583436615,-4.26897697175285,1.96371538870852e-05,0.000887277617016743,FALSE,FALSE,FALSE,FALSE,FALSE,0
"DNAJC9","ENSG00000213551",30.0926026163535,-0.548375661867293,0.128818273077531,-4.25697107069,2.07215156682985e-05,0.000931013042456276,FALSE,FALSE,FALSE,FALSE,FALSE,0
"TET3","ENSG00000187605",29.4351705895003,0.672971707474298,0.158348328781767,4.24994512194552,2.13822895725506e-05,0.00095267331953467,FALSE,FALSE,FALSE,FALSE,FALSE,0
"ZSWIM5","ENSG00000162415",39.8105351835062,-0.570978724982018,0.134398393840873,-4.24840437943071,2.15298506705993e-05,0.000956583226322876,FALSE,FALSE,FALSE,FALSE,FALSE,0
"MME","ENSG00000196549",30.8838305822832,-0.669259614408461,0.157968806969207,-4.23665676312235,2.26872542485058e-05,0.00100521504627382,FALSE,FALSE,FALSE,FALSE,FALSE,0
"LRRC8C","ENSG00000171488",25.3871308291731,0.64139010989208,0.151790038149727,4.2255085887745,2.38401731404022e-05,0.00104750990770127,FALSE,FALSE,FALSE,FALSE,FALSE,0
NA,"ENSG00000287881",10.980444499141,-0.854394011316903,0.202268125569802,-4.22406649050621,2.39933211706351e-05,0.00104856057957461,FALSE,FALSE,FALSE,FALSE,FALSE,0
"DAPK1","ENSG00000196730",36.5780120570515,1.10916708625346,0.262677379222341,4.2225451218417,2.41559019902603e-05,0.0010499284030821,FALSE,FALSE,FALSE,FALSE,FALSE,0
"ID4","ENSG00000172201",13.9688749651835,1.27657321278231,0.302444027216732,4.22085773863711,2.43374497298812e-05,0.00105495259736978,FALSE,FALSE,FALSE,FALSE,FALSE,0
"C1QTNF7","ENSG00000163145",28.4748445764498,-0.883947780158428,0.209526891480134,-4.21877962257765,2.45628209981667e-05,0.00106184411315048,FALSE,FALSE,FALSE,FALSE,FALSE,0
"ERRFI1","ENSG00000116285",58.8306409818009,0.578257304272413,0.137283140242724,4.21215091124826,2.52950450989239e-05,0.00109055052926493,FALSE,FALSE,FALSE,FALSE,FALSE,0
"PITPNM2","ENSG00000090975",28.85498352598,0.567625310879587,0.135154054497162,4.19983930923438,2.67104476389399e-05,0.00113928962662625,FALSE,FALSE,FALSE,FALSE,FALSE,0
"GOLGA8A","ENSG00000175265",73.6300805150982,0.678298475223102,0.161688309477047,4.19509906076043,2.72752356957163e-05,0.00115720794417237,FALSE,FALSE,FALSE,FALSE,FALSE,0
"PIEZO1","ENSG00000103335",22.3706898801128,0.918158362973566,0.219106603651429,4.19046412875004,2.78384424655878e-05,0.00116564368386669,FALSE,FALSE,FALSE,FALSE,FALSE,0
"HMGCLL1","ENSG00000146151",34.6199789590779,-1.02001046213795,0.243775888056041,-4.18421391168703,2.86154563936102e-05,0.00118576224097356,FALSE,FALSE,FALSE,FALSE,FALSE,0
"MCF2L2","ENSG00000053524",25.5679448859225,-0.787136577027613,0.1882460738115,-4.18142360735667,2.89689582858192e-05,0.00119422290665381,FALSE,FALSE,FALSE,FALSE,FALSE,0
"GTPBP4","ENSG00000107937",29.0108258538669,0.577927221911119,0.138254069795033,4.18018234666016,2.91275433371443e-05,0.00119767366498104,FALSE,FALSE,FALSE,FALSE,FALSE,0
"MIDN","ENSG00000167470",28.5882192208652,0.590688203497563,0.141675862020636,4.16929316732534,3.05545756690383e-05,0.00125312932775966,FALSE,FALSE,FALSE,FALSE,FALSE,0
"NR3C2","ENSG00000151623",105.994532891995,-0.579180876392802,0.13915130668702,-4.16223814337223,3.15143434433434e-05,0.00127937036389918,FALSE,FALSE,FALSE,FALSE,FALSE,0
"LOC101928373","ENSG00000286313",9.19229786073189,-1.7873561918571,0.429615931369657,-4.16035826734552,3.17748755392153e-05,0.00128668135253101,FALSE,FALSE,FALSE,FALSE,FALSE,0
"TJP2","ENSG00000119139",46.9654426862856,0.569799607524354,0.137065634607809,4.15712960549697,3.22271180126586e-05,0.001299654182112,FALSE,FALSE,FALSE,FALSE,FALSE,0
"RCC1","ENSG00000180198",18.9512492944742,1.03243832564467,0.248986715046678,4.1465598895552,3.37507927884451e-05,0.00135299230739644,FALSE,FALSE,FALSE,FALSE,FALSE,0
NA,"ENSG00000267519",75.4539063341731,0.635188407354477,0.153352226045846,4.14202273897598,3.44256202325756e-05,0.00137659448905012,FALSE,FALSE,FALSE,FALSE,FALSE,0
"RFX2","ENSG00000087903",71.3354665387291,0.553477370157054,0.133686916808179,4.14010124080586,3.47152575950403e-05,0.00138471457664007,FALSE,FALSE,FALSE,FALSE,FALSE,0
"TEAD4","ENSG00000197905",11.9164626292194,1.16498473511719,0.281501760899497,4.13846340212811,3.49639630870534e-05,0.00139116564571497,FALSE,FALSE,FALSE,FALSE,FALSE,0
"MYO1E","ENSG00000157483",83.2620056580114,0.529003894987385,0.127850463712049,4.13767677979514,3.50840121544956e-05,0.00139247834841478,FALSE,FALSE,FALSE,FALSE,FALSE,0
"IL13RA1","ENSG00000131724",23.8928365165524,0.687845598581082,0.166456876780813,4.132275048551,3.59190235519616e-05,0.00141857970793488,FALSE,FALSE,FALSE,FALSE,FALSE,0
"NAA11","ENSG00000156269",8.09613691286438,-2.37707573362757,0.578505356673516,-4.10899519979569,3.97384334892937e-05,0.00155114403079962,FALSE,FALSE,FALSE,FALSE,FALSE,0
"ALDH1A3","ENSG00000184254",19.6306488654581,1.1372264990041,0.277006767501563,4.10541052574712,4.03597480998214e-05,0.00156308515945919,FALSE,FALSE,FALSE,FALSE,FALSE,0
NA,"ENSG00000237529",2.02519080908545,-2.59868308536774,0.635754732992464,-4.08755601886891,4.35941430957106e-05,0.00167617384330743,FALSE,FALSE,FALSE,FALSE,FALSE,0
"TRABD2B","ENSG00000269113",29.4066214742551,0.807706509558196,0.198233965793858,4.07451117836246,4.61110984954779e-05,0.00175418403854525,FALSE,FALSE,FALSE,FALSE,FALSE,0
"OSR1","ENSG00000143867",6.10141242324446,1.67601614556058,0.413663126658358,4.05164501631974,5.08587882311949e-05,0.00191408545354815,FALSE,FALSE,FALSE,FALSE,FALSE,0
"SPAAR","ENSG00000235387",34.3466533783,-0.515333618382129,0.127260875603492,-4.04942694239949,5.13432026218224e-05,0.00192778057731467,FALSE,FALSE,FALSE,FALSE,FALSE,0
"NEDD9","ENSG00000111859",57.0394349321066,0.612497741224027,0.151406822498505,4.04537742168173,5.22388941134457e-05,0.00195224558725366,FALSE,FALSE,FALSE,FALSE,FALSE,0
"DGKB","ENSG00000136267",27.1294830591407,-0.982303428586182,0.242923405783502,-4.0436755174659,5.26197311768115e-05,0.00195279025562204,FALSE,FALSE,FALSE,FALSE,FALSE,0
NA,"ENSG00000249307",123.556682579036,-0.771004090064956,0.190623251766187,-4.04464871373953,5.24016370583737e-05,0.00195279025562204,FALSE,FALSE,FALSE,FALSE,FALSE,0
"FMO3","ENSG00000007933",10.1145994138332,-0.920966057249703,0.228055086353716,-4.03834911983183,5.38286989452174e-05,0.00199303249914063,FALSE,FALSE,FALSE,FALSE,FALSE,0
"TMEM144","ENSG00000164124",75.3223787603511,-0.501114687905892,0.12428743842869,-4.0319013268055,5.53274176116571e-05,0.00202972946031756,FALSE,FALSE,FALSE,FALSE,FALSE,0
"EIF4G1","ENSG00000114867",51.134956826848,0.517835802766915,0.128731858216933,4.0225924642079,5.75610452551054e-05,0.0020958473778265,FALSE,FALSE,FALSE,FALSE,FALSE,0
"PRKG1-AS1","ENSG00000236671",5.75882350707963,-1.59405852250905,0.396313775200548,-4.02221326195993,5.76538197088879e-05,0.0020958473778265,FALSE,FALSE,FALSE,FALSE,FALSE,0
"ITPRIP","ENSG00000148841",20.0268202476278,0.631295320412372,0.157016520366564,4.02056623684296,5.80584217069387e-05,0.00210100555475675,FALSE,FALSE,FALSE,FALSE,FALSE,0
"SGO1-AS1","ENSG00000231304",26.2630219567394,-0.550696619011636,0.137119161605682,-4.01619009745183,5.91465525311693e-05,0.00213074123363976,FALSE,FALSE,FALSE,FALSE,FALSE,0
"MERTK","ENSG00000153208",24.10094153521,0.801613402949572,0.199904341273346,4.00998496502614,6.072261425056e-05,0.00217770900210248,FALSE,FALSE,FALSE,FALSE,FALSE,0
"ADCY2","ENSG00000078295",14.7865173809225,-0.823745947116598,0.205725831292064,-4.00409584903873,6.2255121579711e-05,0.00221775204825719,FALSE,FALSE,FALSE,FALSE,FALSE,0
"AP2A1","ENSG00000196961",38.796848352061,0.512633489713567,0.128067093753824,4.00285096419047,6.2583728922572e-05,0.00222450387581453,FALSE,FALSE,FALSE,FALSE,FALSE,0
NA,"ENSG00000239828",18.6531933461831,-0.974626612871406,0.243905025048898,-3.99592674515835,6.44416600042282e-05,0.00228040785789299,FALSE,FALSE,FALSE,FALSE,FALSE,0
"SLC16A12","ENSG00000152779",47.6870062241494,-1.02782328132342,0.257286584345032,-3.9948576562588,6.47331329785841e-05,0.00228566547901204,FALSE,FALSE,FALSE,FALSE,FALSE,0
NA,"ENSG00000248458",4.82787175201891,-1.58510825537893,0.397606420523739,-3.98662640631149,6.70194288004412e-05,0.00233545918009381,FALSE,FALSE,FALSE,FALSE,FALSE,0
"SLC25A25","ENSG00000148339",17.7331198866127,0.685499194502524,0.172190674459328,3.98104715400508,6.86123351501615e-05,0.00237544220936544,FALSE,FALSE,FALSE,FALSE,FALSE,0
"TNNI3K","ENSG00000116783",98.4630250640045,-0.538815301347132,0.135420829286746,-3.9788214574157,6.92577244303758e-05,0.0023926075642848,FALSE,FALSE,FALSE,FALSE,FALSE,0
"DNAH14","ENSG00000185842",21.198098491712,1.02732659232841,0.258518001367764,3.97390737547499,7.07030676158077e-05,0.00243203347637601,FALSE,FALSE,FALSE,FALSE,FALSE,0
"LOC107985876","ENSG00000230587",35.2008830690077,-0.729509065242065,0.183751916559724,-3.97007595294908,7.18497240112925e-05,0.00246089151083645,FALSE,FALSE,FALSE,FALSE,FALSE,0
"MYADM","ENSG00000179820",40.539482611492,0.543721980337587,0.136950134741584,3.97021865924817,7.18067017456011e-05,0.00246089151083645,FALSE,FALSE,FALSE,FALSE,FALSE,0
"RRP12","ENSG00000052749",26.9025411903988,0.685231421008035,0.172718503667048,3.96733069393055,7.26821099760231e-05,0.0024828569848268,FALSE,FALSE,FALSE,FALSE,FALSE,0
"PCDH9-AS2","ENSG00000228842",30.8957669340803,-1.62866415824919,0.41067479995048,-3.96582443930228,7.31426860280861e-05,0.0024828569848268,FALSE,FALSE,FALSE,FALSE,FALSE,0
"DAW1","ENSG00000123977",3.49435052439811,1.39958398095571,0.352877322957673,3.96620550514544,7.30259052118443e-05,0.0024828569848268,FALSE,FALSE,FALSE,FALSE,FALSE,0
"ADAMTS17","ENSG00000140470",56.9780577909813,-0.503267652436661,0.126950754948963,-3.96427459323882,7.3619471887283e-05,0.00248952104193888,FALSE,FALSE,FALSE,FALSE,FALSE,0
"SORCS2","ENSG00000184985",34.6473972363677,0.945873761294659,0.238993897234819,3.95773185942613,7.56648280556663e-05,0.00254791352579028,FALSE,FALSE,FALSE,FALSE,FALSE,0
NA,"ENSG00000231424",48.6332220524276,-0.662820861620792,0.167713815319752,-3.9520945865855,7.74701057405918e-05,0.00258250861234922,FALSE,FALSE,FALSE,FALSE,FALSE,0
"NTRK1","ENSG00000198400",24.1519949432526,-0.706102297832508,0.17866943340934,-3.95200390105225,7.74994769570258e-05,0.00258250861234922,FALSE,FALSE,FALSE,FALSE,FALSE,0
"PCED1A","ENSG00000132635",32.8964429231381,0.722616761620501,0.182939471068027,3.95003198271952,7.81407510873117e-05,0.0025877045831088,FALSE,FALSE,FALSE,FALSE,FALSE,0
"MECOM-AS1","ENSG00000241479",3.67493259021721,-2.00509109959109,0.508649599778365,-3.94198894575908,8.08087017947325e-05,0.00265407635566067,FALSE,FALSE,FALSE,FALSE,FALSE,0
"MROH2B","ENSG00000171495",3.68952130298771,-2.03493902788999,0.517542832749983,-3.9319238894243,8.4268747740737e-05,0.00275077269410834,FALSE,FALSE,FALSE,FALSE,FALSE,0
"PLEKHO2","ENSG00000241839",11.1191798314578,0.866208567223378,0.220411388646504,3.92996284149637,8.4958990000702e-05,0.00276765589625505,FALSE,FALSE,FALSE,FALSE,FALSE,0
NA,"ENSG00000227028",32.7408569369954,-1.07865494095319,0.275021495190099,-3.92207503710793,8.778964109605e-05,0.00284826634752803,FALSE,FALSE,FALSE,FALSE,FALSE,0
"ZNF501","ENSG00000186446",2.65897532435424,-1.68715338163011,0.430375481117646,-3.92018935941408,8.84794190587239e-05,0.00285595680222495,FALSE,FALSE,FALSE,FALSE,FALSE,0
"MBD3","ENSG00000071655",30.8322887912169,0.571556353890373,0.145779247152215,3.92069766483006,8.82929793527132e-05,0.00285595680222495,FALSE,FALSE,FALSE,FALSE,FALSE,0
"PABPC4","ENSG00000090621",37.6574518578753,0.646782757080666,0.165069621930001,3.91824219089167,8.91970616098079e-05,0.00287063782786494,FALSE,FALSE,FALSE,FALSE,FALSE,0
"ZRANB2-DT","ENSG00000229956",41.7441968556637,-0.607114445337491,0.155242319146506,-3.9107535153771,9.20086304168946e-05,0.00294335608703646,FALSE,FALSE,FALSE,FALSE,FALSE,0
"CD200","ENSG00000091972",6.84971843703855,1.09995373111222,0.28124749463646,3.91098143837341,9.19218371036033e-05,0.00294335608703646,FALSE,FALSE,FALSE,FALSE,FALSE,0
"PDE5A","ENSG00000138735",115.290066703579,-0.507589235012486,0.130253908002049,-3.89692134998744,9.74232401093552e-05,0.00307582590659979,FALSE,FALSE,FALSE,FALSE,FALSE,0
NA,"ENSG00000286639",22.5878316192484,-1.263727539476,0.324303686332412,-3.89674121120127,9.74957008218877e-05,0.00307582590659979,FALSE,FALSE,FALSE,FALSE,FALSE,0
"PLXNA1","ENSG00000114554",17.8863519146986,0.542318405717749,0.139485966263811,3.88797826938416,0.000101082673922371,0.00315784642458656,FALSE,FALSE,FALSE,FALSE,FALSE,0
"RAVER2","ENSG00000162437",26.7766252114459,-0.588539397477383,0.151343835654547,-3.88875698129368,0.000100758945796851,0.00315784642458656,FALSE,FALSE,FALSE,FALSE,FALSE,0
"WT1","ENSG00000184937",6.33078354823506,1.19631115275214,0.307660922927449,3.88840786593573,0.000100903959721745,0.00315784642458656,FALSE,FALSE,FALSE,FALSE,FALSE,0
"SHANK3","ENSG00000251322",12.5792606404473,1.15718733207532,0.297827014542177,3.8854344151895,0.000102147067221586,0.00317250939846461,FALSE,FALSE,FALSE,FALSE,FALSE,0
"THSD7A","ENSG00000005108",37.1528997491437,-0.653347691381985,0.1684427347432,-3.87875257652429,0.000104993476635709,0.00323578161616218,FALSE,FALSE,FALSE,FALSE,FALSE,0
"PDIA5","ENSG00000065485",40.721386264941,0.57122165678096,0.147316269199461,3.87751916258174,0.000105527018250791,0.00324597049407961,FALSE,FALSE,FALSE,FALSE,FALSE,0
"TNFRSF10B","ENSG00000120889",33.6774051263113,0.644045023644177,0.166425100803192,3.86987912602079,0.000108889326937284,0.00333656088958209,FALSE,FALSE,FALSE,FALSE,FALSE,0
"LOC101927179","ENSG00000282917",35.4202435793957,-1.1455903768585,0.296785180399877,-3.85999858657019,0.000113387680924462,0.0034677551747357,FALSE,FALSE,FALSE,FALSE,FALSE,0
NA,"ENSG00000230910",24.1886067750515,-0.922231130403827,0.23964514852059,-3.84831963466429,0.000118930812889324,0.00361653679118772,FALSE,FALSE,FALSE,FALSE,FALSE,0
"LOC101927237","ENSG00000250075",29.6513984036515,-0.588280535142307,0.153185447518159,-3.8403160657449,0.000122876007928136,0.00370830518266138,FALSE,FALSE,FALSE,FALSE,FALSE,0
"TNNI3","ENSG00000129991",87.7531136970067,-0.734877539371627,0.191439516723956,-3.83869303447562,0.000123690951336427,0.00372425796993344,FALSE,FALSE,FALSE,FALSE,FALSE,0
"CXXC5","ENSG00000171604",10.3410720676112,0.804205563669597,0.209544437151476,3.83787598755604,0.000124103125850236,0.00372425796993344,FALSE,FALSE,FALSE,FALSE,FALSE,0
"PPARGC1A","ENSG00000109819",41.1421267659892,-0.592375228505516,0.15433206324144,-3.83831600552629,0.000123880989992753,0.00372425796993344,FALSE,FALSE,FALSE,FALSE,FALSE,0
"HTR4","ENSG00000164270",27.5386067897711,-1.17863009556971,0.307555965106949,-3.83224593013454,0.000126978708724823,0.00378922471278648,FALSE,FALSE,FALSE,FALSE,FALSE,0
"MGST3","ENSG00000143198",47.159345991318,-0.57252266907064,0.149822053855825,-3.82135109175304,0.000132722543800441,0.00392635978264701,FALSE,FALSE,FALSE,FALSE,FALSE,0
"LINC01830","ENSG00000228999",3.6149430522024,-1.45246860627653,0.380774743773421,-3.81450878774886,0.000136454081555158,0.00401210116631389,FALSE,FALSE,FALSE,FALSE,FALSE,0
"RAB20","ENSG00000139832",8.3012152717087,1.02947047396027,0.270246109426358,3.80938129376029,0.000139314973058327,0.00407375318842402,FALSE,FALSE,FALSE,FALSE,FALSE,0
"LINC02798","ENSG00000227082",13.3645617329419,1.23893203918843,0.325430153968605,3.80705974563118,0.000140628780617849,0.00410466668974907,FALSE,FALSE,FALSE,FALSE,FALSE,0
"FGF1","ENSG00000113578",14.4414690187435,0.890645547057475,0.234011301388269,3.805993735233,0.000141235957414286,0.00411488003431969,FALSE,FALSE,FALSE,FALSE,FALSE,0
"CEP170B","ENSG00000099814",6.70267042887715,1.09911233339393,0.288820385654091,3.80552200602034,0.000141505431623039,0.00411523523420092,FALSE,FALSE,FALSE,FALSE,FALSE,0
"UCK2","ENSG00000143179",23.6704761061903,0.680445030860652,0.178830517020721,3.80497155740935,0.000141820486288133,0.00411691230159472,FALSE,FALSE,FALSE,FALSE,FALSE,0
"WNK2","ENSG00000165238",19.8092944874548,-0.548137009464778,0.144447395024927,-3.79471716585949,0.000147811857345374,0.00425991109592658,FALSE,FALSE,FALSE,FALSE,FALSE,0
NA,"ENSG00000263050",2.64407930438788,2.33991722398805,0.617254132511851,3.79084902107663,0.000150133199380755,0.00431127562674178,FALSE,FALSE,FALSE,FALSE,FALSE,0
"LOC100506532","ENSG00000228877",5.02856656494844,-1.29929683925974,0.342897662954167,-3.78916796360145,0.000151152693312518,0.00432936790053782,FALSE,FALSE,FALSE,FALSE,FALSE,0
"ANGPTL1","ENSG00000116194",22.6870199836176,-0.905362385615544,0.239040581078754,-3.78748403944544,0.000152180457173779,0.00434031814482869,FALSE,FALSE,FALSE,FALSE,FALSE,0
"EPS8L2","ENSG00000177106",6.04398346005071,1.05955610439659,0.28018839914577,3.78158448967527,0.000155833313748768,0.00442727149806667,FALSE,FALSE,FALSE,FALSE,FALSE,0
"PTCHD4","ENSG00000244694",13.2468012872019,0.638088079905566,0.1689794984544,3.77612719733428,0.000159285671558957,0.00449751695529325,FALSE,FALSE,FALSE,FALSE,FALSE,0
"GRXCR2","ENSG00000204928",7.29954517905013,-1.99993023244248,0.53014926502326,-3.77239084233142,0.000161690711700629,0.00455324460149923,FALSE,FALSE,FALSE,FALSE,FALSE,0
"ERCC6L2-AS1","ENSG00000175611",32.2584191182021,-0.52534219632026,0.139382551064439,-3.76906716305819,0.000163858795615212,0.00459810778221984,FALSE,FALSE,FALSE,FALSE,FALSE,0
"CSRNP1","ENSG00000144655",16.4562671998642,0.898482272814801,0.238584505286737,3.76588694112798,0.0001659588826753,0.00464296010436581,FALSE,FALSE,FALSE,FALSE,FALSE,0
"SPATA20","ENSG00000006282",6.90826468325164,1.00885671827396,0.26849838404609,3.75740331495172,0.0001716856677214,0.00475929333657502,FALSE,FALSE,FALSE,FALSE,FALSE,0
"CDK10","ENSG00000185324",23.3897900031554,0.538897563259027,0.143415916956259,3.75758545282938,0.000171560788643553,0.00475929333657502,FALSE,FALSE,FALSE,FALSE,FALSE,0
"SH3TC1","ENSG00000125089",3.4519164677385,2.09897750588388,0.55855497245787,3.75787095162276,0.0001713652141882,0.00475929333657502,FALSE,FALSE,FALSE,FALSE,FALSE,0
NA,"ENSG00000265643",5.01086913100387,-1.53368411615608,0.408928565366912,-3.75049396409854,0.000176486553625611,0.00485869608475326,FALSE,FALSE,FALSE,FALSE,FALSE,0
"SLC16A10","ENSG00000112394",29.2353944931229,1.26155051570309,0.336441636664337,3.74968606207834,0.000177056087075965,0.00486600019378016,FALSE,FALSE,FALSE,FALSE,FALSE,0
NA,"ENSG00000253116",25.6209844474392,-1.25832547951717,0.335742542061637,-3.74788810435039,0.000178329772761537,0.0048911945549472,FALSE,FALSE,FALSE,FALSE,FALSE,0
"TMEM255B","ENSG00000184497",3.77524586287667,2.44262073446664,0.651996913145717,3.74636855668784,0.0001794129434021,0.00490548723028476,FALSE,FALSE,FALSE,FALSE,FALSE,0
"LINC01169","ENSG00000259471",8.78831984312979,0.994829282422644,0.266277333253457,3.73606446432191,0.000186922767672013,0.00506750791341329,FALSE,FALSE,FALSE,FALSE,FALSE,0
"FRK","ENSG00000111816",19.4125371967489,-0.646620407938098,0.173771701762045,-3.72109153205826,0.000198363517816074,0.00534145533243788,FALSE,FALSE,FALSE,FALSE,FALSE,0
"PPP1R1C","ENSG00000150722",21.9842073286663,-0.829337888137974,0.22290311633304,-3.72062042819921,0.000198733945414556,0.00534243606202659,FALSE,FALSE,FALSE,FALSE,FALSE,0
NA,"ENSG00000230333",91.0065747605435,-0.558892678567213,0.150382454133846,-3.71647531479822,0.000202021368891266,0.00541261607272329,FALSE,FALSE,FALSE,FALSE,FALSE,0
"IKZF2","ENSG00000030419",22.8614265963749,-0.559410103288443,0.150512084785597,-3.71671221008809,0.000201832122923178,0.00541261607272329,FALSE,FALSE,FALSE,FALSE,FALSE,0
"PPARG","ENSG00000132170",41.7632574883385,0.527966967006908,0.14230248496238,3.71017390979845,0.00020711692022367,0.00552139189829601,FALSE,FALSE,FALSE,FALSE,FALSE,0
"ADH1B","ENSG00000196616",91.3533538356583,-0.940920472119532,0.254165626222847,-3.7019973396975,0.000213908861700056,0.00568350870912359,FALSE,FALSE,FALSE,FALSE,FALSE,0
NA,"ENSG00000264031",44.3565773614199,-0.683659332248391,0.184745017003792,-3.700556276624,0.000215127362324539,0.00568758989559219,FALSE,FALSE,FALSE,FALSE,FALSE,0
"INTS11","ENSG00000127054",19.2946106918278,0.591446449034978,0.159888218925111,3.69912463226575,0.000216344350381329,0.00571027703688012,FALSE,FALSE,FALSE,FALSE,FALSE,0
"MIR133A1HG","ENSG00000265142",19.2801948120312,-0.774653857550401,0.209694048687434,-3.69421002836892,0.000220571437606913,0.00579316936703213,FALSE,FALSE,FALSE,FALSE,FALSE,0
"MYO18A","ENSG00000196535",24.9616872839084,0.623552028060583,0.169036609299996,3.68885787902869,0.000225263000461955,0.00589702404646312,FALSE,FALSE,FALSE,FALSE,FALSE,0
NA,"ENSG00000250602",15.6703407888319,-0.956985654307608,0.259623591370582,-3.68605044424342,0.000227761224625437,0.00595268102595403,FALSE,FALSE,FALSE,FALSE,FALSE,0
"CLPTM1L","ENSG00000049656",33.7318192619008,0.897653386960629,0.243574148135589,3.68533932616256,0.000228398135219653,0.00595958918896958,FALSE,FALSE,FALSE,FALSE,FALSE,0
"TFB1M","ENSG00000029639",24.638234594983,-0.541170046723641,0.146868137889086,-3.68473417380923,0.000228941454121583,0.00596403674051258,FALSE,FALSE,FALSE,FALSE,FALSE,0
"MAP2K2","ENSG00000126934",22.2214554525896,0.533818129523237,0.14503272657125,3.6806736116968,0.000232618611459755,0.0060301167281775,FALSE,FALSE,FALSE,FALSE,FALSE,0
"RORA-AS1","ENSG00000245534",43.5471189978347,-1.02635815567315,0.279047352159037,-3.67807881971302,0.00023499734716047,0.00607234663623863,FALSE,FALSE,FALSE,FALSE,FALSE,0
"GAS2","ENSG00000148935",33.9829372574766,-0.661805606280677,0.17997220759075,-3.67726559083832,0.000235747547608883,0.00608190649032917,FALSE,FALSE,FALSE,FALSE,FALSE,0
"LINC03051","ENSG00000239268",7.73969710129877,1.75597716559304,0.478170306540357,3.67228399918396,0.000240392315529662,0.00619174732189523,FALSE,FALSE,FALSE,FALSE,FALSE,0
"TBC1D30","ENSG00000111490",4.652980086847,0.974954914770911,0.265758127306754,3.66857986489933,0.000243901505884407,0.0062319562086599,FALSE,FALSE,FALSE,FALSE,FALSE,0
NA,"ENSG00000287149",11.3493136310169,-1.26884456358361,0.346309588812627,-3.66390248659887,0.000248401386420593,0.00632672002515508,FALSE,FALSE,FALSE,FALSE,FALSE,0
"SLC44A2","ENSG00000129353",23.344956080355,0.636921514171917,0.173907143811139,3.66242294717694,0.000249840914520946,0.00633024748725319,FALSE,FALSE,FALSE,FALSE,FALSE,0
"PPAN","ENSG00000130810",8.45544978965714,0.777994861848194,0.212409838082179,3.66270634577291,0.000249564575500728,0.00633024748725319,FALSE,FALSE,FALSE,FALSE,FALSE,0
"KCNQ3","ENSG00000184156",5.75197478194262,1.1896459755216,0.324850474833822,3.66213402067572,0.00025012293916499,0.00633024748725319,FALSE,FALSE,FALSE,FALSE,FALSE,0
"ITGBL1","ENSG00000198542",93.4153426242978,0.608704268799796,0.166388937959326,3.65832173860378,0.000253872224884465,0.00640486788174609,FALSE,FALSE,FALSE,FALSE,FALSE,0
NA,"ENSG00000248515",2.8690296561892,-1.53271602953956,0.419304002743855,-3.65538134506163,0.000256799963186157,0.00645835756472104,FALSE,FALSE,FALSE,FALSE,FALSE,0
"FBLIM1","ENSG00000162458",23.4527124933601,0.658690129757205,0.180227490045785,3.6547705879379,0.000257412049514517,0.00646358827627112,FALSE,FALSE,FALSE,FALSE,FALSE,0
"DPY19L2","ENSG00000177990",38.0301384441606,-0.51078953356397,0.139835735062188,-3.65278255473688,0.000259413896310146,0.00650364462614543,FALSE,FALSE,FALSE,FALSE,FALSE,0
"ITPKC","ENSG00000086544",42.2676711340481,0.514021761533249,0.141011708830545,3.64524170224017,0.000267140609630746,0.00667642820475592,FALSE,FALSE,FALSE,FALSE,FALSE,0
"LOC729732","ENSG00000283674",44.8774764082582,-0.530566072075174,0.145585796315853,-3.64435326454577,0.000268065018528266,0.00668572113201775,FALSE,FALSE,FALSE,FALSE,FALSE,0
"ZNF441","ENSG00000197044",10.0038464740878,-0.76849980184359,0.210889852173938,-3.64408146680167,0.000268348419303245,0.00668572113201775,FALSE,FALSE,FALSE,FALSE,FALSE,0
"LOC101929667","ENSG00000287255",12.2374493003698,-0.840107689970638,0.230586567232293,-3.64335052147384,0.000269111962532336,0.00669068699834398,FALSE,FALSE,FALSE,FALSE,FALSE,0
"SEMA6D","ENSG00000137872",25.3465707451001,-0.746789141432028,0.205867444065685,-3.62752422958996,0.000286151929114771,0.00701770700633275,FALSE,FALSE,FALSE,FALSE,FALSE,0
"TMEM44","ENSG00000145014",18.6829594089079,0.907633124582203,0.250225394014228,3.6272622455361,0.000286442328379188,0.00701770700633275,FALSE,FALSE,FALSE,FALSE,FALSE,0
"HMGA2","ENSG00000149948",12.7019621441504,1.17461573487654,0.323762317445868,3.62801867784669,0.000285604603610054,0.00701770700633275,FALSE,FALSE,FALSE,FALSE,FALSE,0
"TPD52","ENSG00000076554",11.4694883194803,-0.749334383010223,0.206651902874045,-3.62607056885872,0.000287766743996899,0.00703796493919022,FALSE,FALSE,FALSE,FALSE,FALSE,0
"CNN1","ENSG00000130176",6.24728402603759,1.75324899246232,0.483586958190096,3.62550925489005,0.000288392567414739,0.00704250246686831,FALSE,FALSE,FALSE,FALSE,FALSE,0
"CNN2","ENSG00000064666",14.5999431707204,1.57873566338651,0.435904464130894,3.62174694983725,0.000292620286330834,0.00712399007589299,FALSE,FALSE,FALSE,FALSE,FALSE,0
"LOC101928516","ENSG00000223786",21.7689256400572,-0.767710594181839,0.212091998198836,-3.61970560276447,0.000294938383271132,0.00715863344525304,FALSE,FALSE,FALSE,FALSE,FALSE,0
"NECAB1","ENSG00000123119",10.6250615397753,-1.27677579997568,0.35288787135024,-3.6180778758148,0.000296799098756961,0.00718199937158486,FALSE,FALSE,FALSE,FALSE,FALSE,0
"TFRC","ENSG00000072274",31.1181757868517,0.713156171619341,0.197197910988542,3.61644891695013,0.000298672225520248,0.00721640822839329,FALSE,FALSE,FALSE,FALSE,FALSE,0
"ZYX","ENSG00000159840",20.2240362524824,0.71209389886919,0.19694488110267,3.61570148400032,0.000299535393122996,0.00722634783258268,FALSE,FALSE,FALSE,FALSE,FALSE,0
"ATP13A1","ENSG00000105726",6.45054590193268,0.888161339074638,0.246029419581476,3.60998022344442,0.000306220351640918,0.0073654052999947,FALSE,FALSE,FALSE,FALSE,FALSE,0
"ACAP3","ENSG00000131584",31.1316942555421,0.534993087016252,0.148258927031201,3.60850505078633,0.000307966519949268,0.0073851941328164,FALSE,FALSE,FALSE,FALSE,FALSE,0
"RASSF2","ENSG00000101265",9.75947645814728,1.05083274244016,0.291396701356751,3.60619299239647,0.000310722081704915,0.00741017277455888,FALSE,FALSE,FALSE,FALSE,FALSE,0
NA,"ENSG00000229127",28.7124547701699,-0.537005806310302,0.148899069590018,-3.60650881022229,0.000310344326601411,0.00741017277455888,FALSE,FALSE,FALSE,FALSE,FALSE,0
"KPNA2","ENSG00000182481",8.08702795399239,0.81273963550469,0.225521714351943,3.60381987091651,0.000313574414613433,0.00746372434783015,FALSE,FALSE,FALSE,FALSE,FALSE,0
"THUMPD3-AS1","ENSG00000206573",77.6935155818733,-0.618529624524501,0.171947919528162,-3.59719167421038,0.000321671447580219,0.00759990369873796,FALSE,FALSE,FALSE,FALSE,FALSE,0
"KLHL13","ENSG00000003096",71.7951168480785,-0.66014196358978,0.183591472976585,-3.5957114613595,0.000323506217284272,0.00762073924221197,FALSE,FALSE,FALSE,FALSE,FALSE,0
"NOTCH1","ENSG00000148400",15.3747819211157,0.622827539584573,0.173261328758329,3.59472909533849,0.000324729292885517,0.00763830152897624,FALSE,FALSE,FALSE,FALSE,FALSE,0
"VARS2","ENSG00000137411",9.22695853066589,0.951682020245013,0.26483203617406,3.59353057882893,0.00032622734331147,0.00765696924625904,FALSE,FALSE,FALSE,FALSE,FALSE,0
"OIP5","ENSG00000104147",5.31414572991152,-1.01528062694549,0.282601001759407,-3.59262925688372,0.000327358182403084,0.00766631643856125,FALSE,FALSE,FALSE,FALSE,FALSE,0
"TMEM220","ENSG00000187824",23.6666974800629,-0.531121444309268,0.148039549685453,-3.58769967510553,0.000333608233695976,0.00778987401163087,FALSE,FALSE,FALSE,FALSE,FALSE,0
"COTL1","ENSG00000103187",14.4680231789719,1.05813694446273,0.295229473391957,3.58411689830814,0.00033822059200538,0.00786313716442739,FALSE,FALSE,FALSE,FALSE,FALSE,0
"ENTPD1","ENSG00000138185",12.563446127529,0.79179147081081,0.221088600673971,3.58133105188191,0.000341848165490395,0.00791296875111269,FALSE,FALSE,FALSE,FALSE,FALSE,0
"ARFRP1","ENSG00000101246",14.084357293277,0.764362787337892,0.213464808256202,3.58074379370532,0.000342617490970817,0.00791931613884135,FALSE,FALSE,FALSE,FALSE,FALSE,0
"TTC5","ENSG00000136319",13.8768783195456,-0.56738668852214,0.158595177555182,-3.5775784438636,0.000346792160847739,0.00796974225971206,FALSE,FALSE,FALSE,FALSE,FALSE,0
"LINC01359","ENSG00000226891",8.72733649364092,-1.04313238684055,0.291564637399381,-3.57770543144324,0.000346623769234014,0.00796974225971206,FALSE,FALSE,FALSE,FALSE,FALSE,0
"ERCC1","ENSG00000012061",48.8788790121702,0.5248076662708,0.146939115494062,3.57159946489543,0.000354807749162543,0.00809579165171879,FALSE,FALSE,FALSE,FALSE,FALSE,0
NA,"ENSG00000253553",26.6037284885603,-0.611140378897764,0.171382543229198,-3.56594299152426,0.000362550183495054,0.00826066977920711,FALSE,FALSE,FALSE,FALSE,FALSE,0
"SMIM41","ENSG00000284791",22.7279220362859,-0.696626724029794,0.195427839811612,-3.56462377469518,0.000364378471886294,0.00827874099122341,FALSE,FALSE,FALSE,FALSE,FALSE,0
"IKZF1","ENSG00000185811",6.15255622293765,1.52199281428864,0.427750971396714,3.55812824765528,0.00037350694745675,0.00845258651815193,FALSE,FALSE,FALSE,FALSE,FALSE,0
"EPHB2","ENSG00000133216",11.0621226046039,0.961558481945119,0.270248578032206,3.5580519570043,0.000373615421590085,0.00845258651815193,FALSE,FALSE,FALSE,FALSE,FALSE,0
"CHD3","ENSG00000170004",55.2469529100241,1.22136426581707,0.343437279297888,3.55629496108864,0.000376121776325776,0.00848528605406317,FALSE,FALSE,FALSE,FALSE,FALSE,0
"TRDN-AS1","ENSG00000235535",72.8139348872485,-0.718098677394529,0.202011677528154,-3.55473844968417,0.000378355260147367,0.0085044079517274,FALSE,FALSE,FALSE,FALSE,FALSE,0
NA,"ENSG00000267780",9.82033269643515,1.4751261649977,0.415013026511033,3.5544093095075,0.000378829138180737,0.0085044079517274,FALSE,FALSE,FALSE,FALSE,FALSE,0
"ZBTB20-AS5","ENSG00000242290",56.3639732471366,-1.29253234434968,0.363663245225791,-3.55420120487341,0.000379129042059274,0.0085044079517274,FALSE,FALSE,FALSE,FALSE,FALSE,0
"PDPN","ENSG00000162493",17.3436035312302,0.853635228430865,0.240315223411496,3.55214795098174,0.000382099948118662,0.00854781632189929,FALSE,FALSE,FALSE,FALSE,FALSE,0
"C5AR1","ENSG00000197405",20.4852069130205,1.13356465779295,0.319225918444802,3.55097939200997,0.00038380046741427,0.00857386658699894,FALSE,FALSE,FALSE,FALSE,FALSE,0
"INTS1","ENSG00000164880",23.7666486290943,0.594601016364565,0.167491734388708,3.55003199730823,0.00038518433134379,0.00859278016714634,FALSE,FALSE,FALSE,FALSE,FALSE,0
"ANO5","ENSG00000171714",24.5910341881655,-0.588596043895063,0.165825117018543,-3.54949873986367,0.000385965312713995,0.00859821055273029,FALSE,FALSE,FALSE,FALSE,FALSE,0
"PUS1","ENSG00000177192",11.4684295710039,0.909759705577179,0.256932942772639,3.5408449214791,0.000398847931524137,0.00882375195674768,FALSE,FALSE,FALSE,FALSE,FALSE,0
"STAB1","ENSG00000010327",39.8647313306858,0.895469403271582,0.253006772932197,3.53931000697581,0.000401174432736307,0.00886296277847685,FALSE,FALSE,FALSE,FALSE,FALSE,0
"SLCO5A1","ENSG00000137571",26.14463828346,-0.573382413350295,0.162191112796924,-3.53522707540836,0.0004074248786556,0.00894462006997406,FALSE,FALSE,FALSE,FALSE,FALSE,0
NA,"ENSG00000286395",18.2034468240275,-0.859042392271812,0.243418944127355,-3.52906958557164,0.000417023460298734,0.009099986695059,FALSE,FALSE,FALSE,FALSE,FALSE,0
"BRPF3","ENSG00000096070",12.7146462035184,0.657565744710614,0.186444570231296,3.52686991042358,0.000420503315388827,0.00913851974136452,FALSE,FALSE,FALSE,FALSE,FALSE,0
"SPACA6","ENSG00000182310",43.8608869939208,0.571883473019239,0.162197013341606,3.52585698859193,0.000422114845139005,0.00916109490908872,FALSE,FALSE,FALSE,FALSE,FALSE,0
"CHID1","ENSG00000177830",12.910852139635,0.598957823513116,0.169954471298114,3.5242251582925,0.00042472317515854,0.00920521299005534,FALSE,FALSE,FALSE,FALSE,FALSE,0
"ATRNL1","ENSG00000107518",5.63639165387383,-1.01891212863469,0.289530419917724,-3.51918851540449,0.00043286900583313,0.00931862684831886,FALSE,FALSE,FALSE,FALSE,FALSE,0
"KCNIP1","ENSG00000182132",26.9713532542501,-0.764689456363486,0.217389811461343,-3.51759565557867,0.000435475366138029,0.00936213505561528,FALSE,FALSE,FALSE,FALSE,FALSE,0
"VASP","ENSG00000125753",11.7949795271032,0.815364607844778,0.231983041031075,3.51475954544262,0.000440152327972817,0.00943731432429652,FALSE,FALSE,FALSE,FALSE,FALSE,0
NA,"ENSG00000269950",3.76217118607701,-1.47899675950457,0.420770033964812,-3.51497644822362,0.000439792989534203,0.00943731432429652,FALSE,FALSE,FALSE,FALSE,FALSE,0
NA,"ENSG00000229618",88.6712599514156,-0.502127795679131,0.142937976526368,-3.5129068417063,0.000443232852071229,0.00947795383540014,FALSE,FALSE,FALSE,FALSE,FALSE,0
"APBB1IP","ENSG00000077420",36.9634738843318,0.579786619175269,0.16507088074332,3.51234946202789,0.000444163547856873,0.00948517483040144,FALSE,FALSE,FALSE,FALSE,FALSE,0
"LOC105375553","ENSG00000230746",4.42566861828185,-1.4730000289782,0.419882535195395,-3.50812407163524,0.000451278531454996,0.00958592312167684,FALSE,FALSE,FALSE,FALSE,FALSE,0
"NCLN","ENSG00000125912",16.9265620810219,0.576922083253071,0.164437535441708,3.50845737077826,0.000450713459825752,0.00958592312167684,FALSE,FALSE,FALSE,FALSE,FALSE,0
"MPV17","ENSG00000115204",19.8030048074492,0.514613970123068,0.146857672968341,3.50416808139134,0.000458036160414883,0.00966736216315376,FALSE,FALSE,FALSE,FALSE,FALSE,0
"UPF1","ENSG00000005007",22.8926347316836,0.527367695213503,0.150624181482133,3.5012153428768,0.000463141446318527,0.00971356701591804,FALSE,FALSE,FALSE,FALSE,FALSE,0
NA,"ENSG00000272438",3.70836310667775,1.67704050465185,0.478879186478541,3.50201168061624,0.000461759374427264,0.00971356701591804,FALSE,FALSE,FALSE,FALSE,FALSE,0
"ESYT3","ENSG00000158220",1.53656615938981,-1.86200744129479,0.532481100400204,-3.49685170026756,0.000470783468284854,0.0098433746081258,FALSE,FALSE,FALSE,FALSE,FALSE,0
"UGDH","ENSG00000109814",37.0044537722024,0.510916202006665,0.146128007765675,3.49636055276926,0.000471650938627182,0.00984863807224775,FALSE,FALSE,FALSE,FALSE,FALSE,0
"PLXNB1","ENSG00000164050",7.75171221316065,0.914243184767872,0.261630540907721,3.49440543751477,0.000475118888889827,0.00989521696327185,FALSE,FALSE,FALSE,FALSE,FALSE,0
"LOC105373436","ENSG00000285876",21.498121001339,-1.04145093352312,0.298168238516261,-3.49282988257089,0.000477930873394738,0.00991505099863662,FALSE,FALSE,FALSE,FALSE,FALSE,0
"TMPRSS5","ENSG00000166682",3.54030892791764,-1.42338674987496,0.407512337841173,-3.49286786607604,0.000477862899801981,0.00991505099863662,FALSE,FALSE,FALSE,FALSE,FALSE,0
