"ID","Description","GeneRatio","BgRatio","RichFactor","FoldEnrichment","zScore","pvalue","p.adjust","qvalue","geneID","Count"
"REACTOME_EXTRACELLULAR_MATRIX_ORGANIZATION","REACTOME_EXTRACELLULAR_MATRIX_ORGANIZATION","92/1437","321/11448",0.286604361370716,2.28326146762141,8.83515394071154,4.60147635694601e-15,6.31322556172993e-12,5.37161818931908e-12,"TIMP2/CTSB/MMP2/PECAM1/THBS1/SERPINE1/ICAM1/CD44/MMP14/FGF2/ACTB/VCAN/ADAM12/SGCD/ITGA2/SH3PXD2A/MUSK/COL15A1/EFEMP1/TNC/SNTB1/FN1/PLEC/MMP19/BMP1/COL1A1/COL4A5/NID2/NTN4/LAMC2/ACTC1/NID1/FBN2/EMILIN1/CTSD/ITGAV/COL16A1/TLL2/COL6A2/CAPN15/COL28A1/ACTG1/ADAMTS1/PRKCA/BMP2/ADAMTS3/EMILIN3/SPP1/SGCG/ITGA5/TGFB1/ITGAM/LAMC1/CAPN7/TLL1/LAMA2/COL5A3/COL6A1/COMP/LAMB2/COL1A2/MMP16/ITGB1/SPARC/LTBP3/JAM2/BGN/COL8A1/LTBP4/SGCE/VCAM1/COL10A1/MMP24/DTNA/DDR2/LOXL2/DCN/P4HA1/ITGA6/NCAM1/ADAMTS2/PDGFA/ITGB8/TIMP1/TNXB/COL4A3/ACTN1/PLOD1/EMILIN2/HAPLN1/SDC3/KLKB1",92
"REACTOME_INTERLEUKIN_4_AND_INTERLEUKIN_13_SIGNALING","REACTOME_INTERLEUKIN_4_AND_INTERLEUKIN_13_SIGNALING","43/1437","111/11448",0.387387387387387,3.08615922812165,8.36749312436269,2.07620073927215e-12,1.42427370714069e-09,1.21184558939622e-09,"MMP2/VEGFA/CCL2/HGF/ICAM1/IL4R/FGF2/FOS/CDKN1A/VIM/TNFRSF1B/HIF1A/ANXA1/SOCS3/FN1/JUNB/JAK3/PIM1/PTGS2/RHOU/IL13RA1/MCL1/STAT3/IL6/HSP90B1/RORA/ZEB1/MYC/IL18/TGFB1/ITGAM/ALOX5/COL1A2/ITGB1/JAK2/VCAM1/JAK1/PIK3R1/LIF/CD36/TIMP1/TYK2/POU2F1",43
"REACTOME_RHO_GTPASE_CYCLE","REACTOME_RHO_GTPASE_CYCLE","106/1437","450/11448",0.235555555555556,1.87657620041754,7.1874455748067,3.80238832929554e-11,1.73895892926449e-08,1.47959602006623e-08,"IL32/DOCK5/PREX2/OPHN1/STK10/IQGAP2/ACTB/VIM/TRIO/SH3PXD2A/DOCK10/DBN1/TPM4/MYO9B/DOCK9/AKAP12/RHOU/WASF3/SPATA13/PCDH7/TJP2/RHOJ/ACTC1/TPM3/PDE5A/PLXNA1/PLD1/RND3/SRGAP1/TFRC/NCKAP1L/PLXNB1/PREX1/ACTG1/RASAL2/ARHGAP24/CSK/RHOC/PLEKHG1/ARHGEF10/ARAP2/ABR/FMNL2/GARRE1/PEAK1/SRGAP2/DOCK8/ARHGEF28/JUP/RTKN/FAM135A/ABL2/ITGB1/HSP90AB1/ARHGEF1/SLC4A7/NDUFA5/SPTAN1/GOLGA3/EPSTI1/WDR6/ARHGEF10L/ARHGDIA/BCAP31/RAPGEF1/ARHGEF40/RASGRF2/VAV2/PICALM/LETM1/CIT/DIAPH1/CAPZB/ARHGAP28/WWP2/PIK3R1/ARHGAP30/ITSN1/MCF2L/RHOB/PLEKHG2/CDC42BPB/NHS/IQGAP1/SOS1/NCF2/JAG1/TRIP10/FAM13A/DEF6/ARHGEF6/MCAM/CDC37/FERMT2/ABI2/KALRN/BAIAP2/CCT6A/DOCK4/CCP110/DOCK11/ACTN1/PKN2/ARHGEF7/STAM/NISCH",106
"REACTOME_NON_INTEGRIN_MEMBRANE_ECM_INTERACTIONS","REACTOME_NON_INTEGRIN_MEMBRANE_ECM_INTERACTIONS","33/1437","80/11448",0.4125,3.28622129436326,7.7742181195636,1.06850241517629e-10,3.66496328405466e-08,3.11833994323816e-08,"THBS1/FGF2/ACTB/SGCD/ITGA2/TNC/SNTB1/FN1/COL1A1/COL4A5/NTN4/LAMC2/ACTC1/ITGAV/ACTG1/PRKCA/SGCG/TGFB1/LAMC1/LAMA2/COL5A3/LAMB2/COL1A2/ITGB1/SGCE/COL10A1/DTNA/DDR2/ITGA6/PDGFA/COL4A3/ACTN1/SDC3",33
"REACTOME_SIGNALING_BY_VEGF","REACTOME_SIGNALING_BY_VEGF","37/1437","106/11448",0.349056603773585,2.78079331941545,6.97842031416556,2.25823315735693e-09,6.19659178378742e-07,5.27238015054492e-07,"CTNNB1/AXL/VEGFC/VEGFA/ACTB/NRP1/MAPKAPK2/PXN/PGF/PRR5/ITPR1/NRP2/WASF3/SPHK1/PRKACB/SHB/ITGAV/RICTOR/MAPK12/NCKAP1L/VEGFD/ACTG1/RASA1/PRKCA/BCAR1/JUP/AKT3/PDPK1/CRK/HSPB1/VAV2/ITPR3/PIK3R1/NCF2/ABI2/BAIAP2/HRAS",37
"REACTOME_CELL_EXTRACELLULAR_MATRIX_INTERACTIONS","REACTOME_CELL_EXTRACELLULAR_MATRIX_INTERACTIONS","13/1437","18/11448",0.722222222222222,5.75365344467641,7.6467369280984,8.49471936380172e-09,1.94245916118933e-06,1.6527445218344e-06,"ACTB/PXN/FLNA/FBLIM1/LIMS1/VASP/ACTG1/TESK1/PARVB/ITGB1/ARHGEF6/FERMT2/ACTN1",13
"REACTOME_SIGNALING_BY_INTERLEUKINS","REACTOME_SIGNALING_BY_INTERLEUKINS","100/1437","461/11448",0.216919739696312,1.72811216426123,6.04567339914795,1.53891288804553e-08,3.01626926056925e-06,2.5663975832218e-06,"JUN/IL6ST/HMGB1/TNFRSF1A/MMP2/VEGFA/CCL2/HGF/IL32/ICAM1/RPS6KA5/IL15/IL4R/IL1RAPL1/FGF2/FOS/CSF1/CDKN1A/VIM/MIF/TNFRSF1B/LCP1/HIF1A/CXCL1/MAPKAPK2/ANXA1/STAT5B/MAP3K8/SOCS3/OSMR/FN1/IL1R1/UBC/JUNB/JAK3/PIM1/MAP2K3/PTGS2/NLRC5/RHOU/CXCL2/IL13RA1/PSMA1/MCL1/NFKB2/STAT3/IL6/HSP90B1/RORA/ZEB1/CNN2/MYC/PTPN2/IL18/CFL1/IRAK2/ANXA2/TXLNA/TAB2/CRLF1/TGFB1/ITGAM/SHC1/SEM1/MEF2C/IRS1/IL1RAP/ALOX5/COL1A2/ITGB1/JAK2/MAPK10/IRAK1/NFKBIA/CRK/PSMD14/RAPGEF1/SMARCA4/VCAM1/RELA/PITPNA/SOD2/CNTFR/JAK1/IL7/IL27RA/CBL/PIK3R1/LIF/STAT2/PTPN4/HCK/SOS1/CD36/IL11RA/TIMP1/PELI1/TYK2/INPP5D/POU2F1",100
"REACTOME_RAC1_GTPASE_CYCLE","REACTOME_RAC1_GTPASE_CYCLE","51/1437","184/11448",0.277173913043478,2.20813288554053,6.25911298849483,2.14684461254233e-08,3.68183851051009e-06,3.1326982569861e-06,"DOCK5/PREX2/OPHN1/IQGAP2/TRIO/DOCK10/MYO9B/DOCK9/WASF3/SPATA13/PLD1/SRGAP1/TFRC/NCKAP1L/PREX1/ARHGAP24/PLEKHG1/ARHGEF10/ARAP2/ABR/GARRE1/SRGAP2/DOCK8/ABL2/ITGB1/ARHGDIA/RASGRF2/VAV2/CIT/PIK3R1/ARHGAP30/MCF2L/PLEKHG2/NHS/IQGAP1/SOS1/NCF2/JAG1/FAM13A/DEF6/ARHGEF6/MCAM/FERMT2/ABI2/KALRN/BAIAP2/DOCK4/DOCK11/PKN2/ARHGEF7/NISCH",51
"REACTOME_SYNDECAN_INTERACTIONS","REACTOME_SYNDECAN_INTERACTIONS","15/1437","27/11448",0.555555555555556,4.4258872651357,6.75209242978282,1.11895306665765e-07,1.70578178606032e-05,1.45136719406237e-05,"THBS1/FGF2/ITGA2/TNC/FN1/COL1A1/ITGAV/PRKCA/TGFB1/COL5A3/COL1A2/ITGB1/ITGA6/ACTN1/SDC3",15
"REACTOME_PLATELET_ACTIVATION_SIGNALING_AND_AGGREGATION","REACTOME_PLATELET_ACTIVATION_SIGNALING_AND_AGGREGATION","63/1437","261/11448",0.241379310344828,1.92297170830034,5.71461949331117,1.51157361551107e-07,2.07387900048119e-05,1.76456330484398e-05,"IGF1/VEGFC/VEGFA/PECAM1/HGF/THBS1/SERPINE1/CD9/ACTN4/FN1/ITPR1/COL1A1/FLNA/LHFPL2/PCDH7/DGKB/PSAP/VCL/PDPN/BRPF3/CHID1/APBB1IP/VEGFD/DGKG/CFL1/PRKCA/GNG2/WDR1/CSK/BCAR1/GAS6/TGFB1/DGKH/SHC1/DGKE/IGF2/MGLL/COL1A2/GNB1/SPARC/PDPK1/CRK/EGF/PFN1/TTN/VAV2/ITPR3/PIK3R1/ISLR/RHOB/PTPN1/SOS1/CD36/PDGFA/RARRES2/DGKZ/LAMP2/TIMP1/GNG7/ACTN1/GNAI2/PIK3R5/ANXA5",63
"REACTOME_REGULATION_OF_INSULIN_LIKE_GROWTH_FACTOR_IGF_TRANSPORT_AND_UPTAKE_BY_INSULIN_LIKE_GROWTH_FACTOR_BINDING_PROTEINS_IGFBPS","REACTOME_REGULATION_OF_INSULIN_LIKE_GROWTH_FACTOR_IGF_TRANSPORT_AND_UPTAKE_BY_INSULIN_LIKE_GROWTH_FACTOR_BINDING_PROTEINS_IGFBPS","37/1437","124/11448",0.298387096774194,2.37712977304869,5.84145821837858,2.45911481797753e-07,3.06718684569561e-05,2.60972089295414e-05,"PAPPA/IGF1/IGFBP4/IGFBP7/MMP2/C3/CCN1/FAM20C/IGFBP5/CSF1/VCAN/FSTL1/IGFBP2/IGFBP3/TNC/FN1/APOL1/CHRDL1/IGFBP6/IL6/HSP90B1/SPARCL1/GPC3/SPP1/GAS6/LAMC1/LAMB2/IGF2/CDH2/NUCB1/SHISA5/PRKCSH/FAM20A/FSTL3/MFGE8/TIMP1/RCN1",37
"REACTOME_SIGNALING_BY_MET","REACTOME_SIGNALING_BY_MET","27/1437","79/11448",0.341772151898734,2.72276102639994,5.82120569371831,5.33366376567248e-07,6.09815557208553e-05,5.18862554046559e-05,"HGF/ITGA2/FN1/UBC/COL1A1/PTPRJ/LRIG1/LAMC2/STAT3/GAB1/PTPN2/LAMC1/SHC1/LAMA2/COL5A3/LAMB2/COL1A2/ITGB1/CRK/RAPGEF1/CBL/PIK3R1/PTPN1/SOS1/EPS15/HRAS/STAM",27
"REACTOME_SIGNALING_BY_EGFR","REACTOME_SIGNALING_BY_EGFR","21/1437","53/11448",0.39622641509434,3.15657620041754,5.96185038356771,5.98414575061732e-07,6.31557536142074e-05,5.37361752018996e-05,"ADAM12/AREG/PXN/UBC/LRIG1/GAB1/SPRY1/CSK/EGFR/SHC1/PTPRK/EGF/CBL/PIK3R1/EPN1/SOS1/SPRY2/EPS15/HRAS/ARHGEF7/STAM",21
"REACTOME_ECM_PROTEOGLYCANS","REACTOME_ECM_PROTEOGLYCANS","26/1437","76/11448",0.342105263157895,2.72541478958356,5.71764756165716,8.44536276937412e-07,8.27645551398663e-05,7.04203557235782e-05,"SERPINE1/VCAN/ITGA2/MUSK/TNC/FN1/COL1A1/COL4A5/ITGAV/COL6A2/TGFB1/LAMC1/LAMA2/COL5A3/COL6A1/COMP/LAMB2/COL1A2/ITGB1/SPARC/BGN/DCN/NCAM1/TNXB/COL4A3/HAPLN1",26
"REACTOME_INTERLEUKIN_6_FAMILY_SIGNALING","REACTOME_INTERLEUKIN_6_FAMILY_SIGNALING","13/1437","24/11448",0.541666666666667,4.31524008350731,6.1595218918232,1.18830966138737e-06,0.000108690723694899,9.24796782090245e-05,"IL6ST/SOCS3/OSMR/STAT3/IL6/CRLF1/JAK2/CNTFR/JAK1/CBL/LIF/IL11RA/TYK2",13
"REACTOME_DISEASES_OF_SIGNAL_TRANSDUCTION_BY_GROWTH_FACTOR_RECEPTORS_AND_SECOND_MESSENGERS","REACTOME_DISEASES_OF_SIGNAL_TRANSDUCTION_BY_GROWTH_FACTOR_RECEPTORS_AND_SECOND_MESSENGERS","92/1437","454/11448",0.202643171806167,1.61437650023452,5.06081137331948,1.47535886623973e-06,0.000126512022780057,0.000107642959385517,"CTNNB1/JUN/FGF7/HGF/NRG1/CDK8/NTRK2/LMNA/FGF2/HEYL/ACTB/CDKN1A/MAMLD1/KITLG/AREG/STAT5B/PRR5/HDAC9/TPM4/FN1/NR4A1/UBC/JUNB/HDAC7/CPSF6/PIM1/RB1/PSMA1/MCL1/ERBB4/TPM3/VCL/FGF1/STAT3/MYO18A/MAP2K2/RICTOR/MYC/NOTCH1/GAB1/APBB1IP/ETV6/ACTG1/MYH9/MDM2/CSK/EGFR/TGFB1/LRRFIP1/QKI/SHC1/SEM1/IRS1/AKT3/NCOR2/JAK2/SPRED3/PDPK1/MIB1/ZC3HAV1/KSR1/CLIP1/NPM1/EGF/RRBP1/KAT2B/PSMD14/KLC1/FGFR1/POLR2I/RANBP2/CBL/PIK3R1/DNMT1/MPRIP/DCTN1/PTEN/IQGAP1/SOS1/JAG1/CDC37/TNKS2/PDGFA/GSK3B/KANK1/FKBP1A/TYK2/HRAS/HDAC10/PIK3R5/AGO2/HEY1",92
"REACTOME_RHOC_GTPASE_CYCLE","REACTOME_RHOC_GTPASE_CYCLE","25/1437","74/11448",0.337837837837838,2.69141793150144,5.53026157135251,1.78200599286222e-06,0.000141873909809968,0.000120713645833401,"OPHN1/STK10/MYO9B/TJP2/TFRC/PREX1/RHOC/ARHGEF10/ABR/FMNL2/ARHGEF28/JUP/RTKN/ARHGEF1/ARHGEF10L/ARHGDIA/ARHGEF40/VAV2/CIT/DIAPH1/PIK3R1/MCF2L/IQGAP1/MCAM/PKN2",25
"REACTOME_CELLULAR_RESPONSES_TO_MECHANICAL_STIMULI","REACTOME_CELLULAR_RESPONSES_TO_MECHANICAL_STIMULI","31/1437","103/11448",0.300970873786408,2.39771368344245,5.39846231333037,1.86131951645731e-06,0.000141873909809968,0.000120713645833401,"CTNNB1/PECAM1/MMP14/PRR5/FN1/PIEZO1/ADCY2/VCL/PRKACB/ITGAV/RICTOR/PANX1/CACNB2/ANXA2/GNG2/SPP1/ITGA5/ADCY3/CACNB1/ITGB1/GNB1/PDPK1/NFKBIA/RELA/ADCY4/PRKAR1B/PDE4D/PTPN1/GNG7/PKN2/CALCRL",31
"REACTOME_INTEGRIN_CELL_SURFACE_INTERACTIONS","REACTOME_INTEGRIN_CELL_SURFACE_INTERACTIONS","27/1437","85/11448",0.317647058823529,2.53056613041876,5.36599857488259,2.71080548753889e-06,0.000195748690994913,0.000166553090619425,"PECAM1/THBS1/ICAM1/CD44/ITGA2/TNC/FN1/COL1A1/COL4A5/ITGAV/COL16A1/COL6A2/SPP1/ITGA5/ITGAM/COL5A3/COL6A1/COMP/COL1A2/ITGB1/JAM2/COL8A1/VCAM1/COL10A1/ITGA6/ITGB8/COL4A3",27
"REACTOME_SIGNALING_BY_PDGF","REACTOME_SIGNALING_BY_PDGF","21/1437","58/11448",0.362068965517241,2.88445756245051,5.45097250232988,3.37167139269219e-06,0.000231296657538684,0.000196799135499771,"THBS1/PLAT/THBS2/STAT5B/COL4A5/STAT3/COL6A2/RASA1/BCAR1/SPP1/COL5A3/COL6A1/THBS3/CRK/RAPGEF1/PIK3R1/SOS1/PDGFD/PDGFA/COL4A3/HRAS",21
"REACTOME_RESPONSE_TO_ELEVATED_PLATELET_CYTOSOLIC_CA2","REACTOME_RESPONSE_TO_ELEVATED_PLATELET_CYTOSOLIC_CA2","36/1437","132/11448",0.272727272727273,2.17270829379389,5.13411967377557,3.76520754804611e-06,0.000245993559805679,0.000209304018585621,"IGF1/VEGFC/VEGFA/PECAM1/HGF/THBS1/SERPINE1/CD9/ACTN4/FN1/FLNA/LHFPL2/PCDH7/PSAP/VCL/BRPF3/CHID1/VEGFD/CFL1/PRKCA/WDR1/GAS6/TGFB1/IGF2/SPARC/EGF/PFN1/TTN/ISLR/CD36/PDGFA/RARRES2/LAMP2/TIMP1/ACTN1/ANXA5",36
"REACTOME_RHOA_GTPASE_CYCLE","REACTOME_RHOA_GTPASE_CYCLE","39/1437","149/11448",0.261744966442953,2.08521668464783,5.05155501203101,4.5085491554946e-06,0.000281169520060845,0.000239233541313086,"PREX2/OPHN1/STK10/TRIO/MYO9B/PCDH7/TJP2/ACTC1/PLD1/SRGAP1/TFRC/PREX1/ARHGAP24/ARHGEF10/ARAP2/ABR/ARHGEF28/JUP/RTKN/ARHGEF1/ARHGEF10L/ARHGDIA/BCAP31/ARHGEF40/RASGRF2/VAV2/CIT/DIAPH1/ARHGAP28/PIK3R1/ARHGAP30/MCF2L/IQGAP1/FAM13A/DEF6/MCAM/KALRN/PKN2/ARHGEF7",39
"REACTOME_DEVELOPMENTAL_LINEAGE_OF_MAMMARY_GLAND_MYOEPITHELIAL_CELLS","REACTOME_DEVELOPMENTAL_LINEAGE_OF_MAMMARY_GLAND_MYOEPITHELIAL_CELLS","11/1437","20/11448",0.55,4.38162839248434,5.73444323430608,6.6676661560155e-06,0.000397740781132751,0.00033841838750669,"CD44/VIM/AREG/MME/ALDH1A3/CNN1/EGFR/ITGB1/EGF/ITGA6/ALDH1A1",11
"REACTOME_INTERLEUKIN_6_SIGNALING","REACTOME_INTERLEUKIN_6_SIGNALING","8/1437","11/11448",0.727272727272727,5.79388878345037,6.0264801600776,7.02725960396114e-06,0.000401725007359779,0.000341808372841794,"IL6ST/SOCS3/STAT3/IL6/JAK2/JAK1/CBL/TYK2",8
"REACTOME_RHOB_GTPASE_CYCLE","REACTOME_RHOB_GTPASE_CYCLE","23/1437","70/11448",0.328571428571429,2.61759618252311,5.14306085842252,7.7959849219065e-06,0.000427843652514229,0.000364031464353445,"OPHN1/STK10/MYO9B/PCDH7/TJP2/ACTC1/TFRC/PREX1/ARHGEF10/ABR/ARHGEF28/JUP/RTKN/ARHGEF1/ARHGEF10L/VAV2/CIT/DIAPH1/PIK3R1/MCF2L/RHOB/MCAM/PKN2",23
"REACTOME_MUSCLE_CONTRACTION","REACTOME_MUSCLE_CONTRACTION","47/1437","203/11448",0.231527093596059,1.84448306714522,4.5993316797645,1.83352247622011e-05,0.000943762665841416,0.000803001992034779,"KCND2/SCN7A/SLC8A1/VIM/PXN/CORIN/ANXA1/LMOD1/TPM4/ITPR1/MME/ACTC1/HIPK2/TPM3/VCL/PDE5A/TNNI3/ATP1B3/FGF12/CACNB2/KCNIP1/TRDN/ANXA2/MYL2/ATP2B4/FXYD6/MYL6/TMOD2/GUCY1A1/MYL9/KCNE1/KCNJ14/CACNB1/TNNC1/KAT2B/CASQ2/TRPC1/TTN/ITPR3/ATP1B1/PLN/ATP2A3/ANXA6/NKX2-5/DMPK/SORBS1/FXYD2",47
"REACTOME_CONSTITUTIVE_SIGNALING_BY_EGFRVIII","REACTOME_CONSTITUTIVE_SIGNALING_BY_EGFRVIII","9/1437","15/11448",0.6,4.77995824634656,5.54993664123537,1.85725889050424e-05,0.000943762665841416,0.000803001992034779,"GAB1/EGFR/SHC1/EGF/CBL/PIK3R1/SOS1/CDC37/HRAS",9
"REACTOME_TRANSCRIPTIONAL_REGULATION_OF_BROWN_AND_BEIGE_ADIPOCYTE_DIFFERENTIATION","REACTOME_TRANSCRIPTIONAL_REGULATION_OF_BROWN_AND_BEIGE_ADIPOCYTE_DIFFERENTIATION","13/1437","30/11448",0.433333333333333,3.45219206680585,5.09513371422536,2.74661191776487e-05,0.00131354853416003,0.00111763489671895,"MBD3/PPARGC1A/PPARG/CHD3/ZNF423/DIO2/NCOA1/COX7A1/EBF2/GATAD2A/PRDM16/RXRA/CHD4",13
"REACTOME_G_ALPHA_12_13_SIGNALLING_EVENTS","REACTOME_G_ALPHA_12_13_SIGNALLING_EVENTS","24/1437","80/11448",0.3,2.38997912317328,4.72657695553414,2.80667140523127e-05,0.00131354853416003,0.00111763489671895,"TRIO/PLXNB1/PREX1/GNG2/RHOC/ARHGEF10/ABR/ADRA1B/GNB1/ARHGEF1/ARHGEF10L/ARHGEF40/RASGRF2/VAV2/ITSN1/MCF2L/RHOB/ADRA1A/PLEKHG2/SOS1/ARHGEF6/KALRN/GNG7/ARHGEF7",24
"REACTOME_INTRACELLULAR_SIGNALING_BY_SECOND_MESSENGERS","REACTOME_INTRACELLULAR_SIGNALING_BY_SECOND_MESSENGERS","63/1437","303/11448",0.207920792079208,1.65642117447653,4.38732043010416,2.96586473983966e-05,0.00131354853416003,0.00111763489671895,"JUN/FGF7/HGF/NRG1/NTRK2/FGF2/PREX2/EGR1/CDKN1A/MECOM/KITLG/AREG/PRR5/SGK1/ITPR1/NR4A1/PIP5K1C/UBC/HDAC7/PIP5K1B/PSMA1/ADCY2/ERBB4/MBD3/PRKACB/FGF1/PHC3/FRK/PPARG/RICTOR/KPNA2/NBEA/GAB1/CHD3/PHC2/PRKCA/IER3/MDM2/EGFR/SEM1/ADCY3/IRS1/IL1RAP/AKT3/PDPK1/IRAK1/EGF/PSMD14/FGFR1/ADCY4/RCOR1/PRKAR1B/ITPR3/WWP2/PIK3R1/GATAD2A/PTEN/TNKS2/PDGFA/GSK3B/PIK3R5/AGO2/CHD4",63
"REACTOME_CONSTITUTIVE_SIGNALING_BY_LIGAND_RESPONSIVE_EGFR_CANCER_VARIANTS","REACTOME_CONSTITUTIVE_SIGNALING_BY_LIGAND_RESPONSIVE_EGFR_CANCER_VARIANTS","10/1437","19/11448",0.526315789473684,4.19294583012856,5.2771535307038,2.96793036144031e-05,0.00131354853416003,0.00111763489671895,"UBC/GAB1/EGFR/SHC1/EGF/CBL/PIK3R1/SOS1/CDC37/HRAS",10
"REACTOME_SIGNALING_BY_TGFB_FAMILY_MEMBERS","REACTOME_SIGNALING_BY_TGFB_FAMILY_MEMBERS","39/1437","161/11448",0.24223602484472,1.92979680753122,4.50139600306918,3.16814937954732e-05,0.00135834404648091,0.00115574923089407,"TIMP2/ACVR1B/SERPINE1/CDK8/MMP14/FGF2/FSTL1/UBC/JUNB/SKI/CHRDL1/TCF4/ITGAV/MYC/BMP2/BAMBI/TGFB1/SMAD6/RARA/COL1A2/NCOR2/MMP16/ITGB1/PMEPA1/LTBP3/LTBP4/CBL/BMPR2/GIPC1/TCF3/FSTL3/ITGB8/CDKN2B/TIMP1/FKBP1A/RXRA/PPM1A/AGO2/CCNT2",39
"REACTOME_SIGNALING_BY_NTRKS","REACTOME_SIGNALING_BY_NTRKS","34/1437","134/11448",0.253731343283582,2.02137537780825,4.50573028309021,3.64827477474859e-05,0.00151679787604699,0.00129056992829224,"RPS6KA5/NTRK2/FOS/EGR1/EGR3/MAPKAPK2/SGK1/AP2A2/JUNB/FOSB/ID4/FOSL1/AP2A1/NTRK1/JUND/STAT3/F3/MAP2K2/MAPK12/GAB1/EGR2/BAX/SHC1/MEF2C/IRS1/CRK/TRIB1/RAPGEF1/DNM1/PIK3R1/SOS1/PCSK5/HRAS/CHD4",34
"REACTOME_DEGRADATION_OF_THE_EXTRACELLULAR_MATRIX","REACTOME_DEGRADATION_OF_THE_EXTRACELLULAR_MATRIX","35/1437","140/11448",0.25,1.99164926931106,4.47264788301814,3.9410868828863e-05,0.00159034447156471,0.00135314716814889,"TIMP2/CTSB/MMP2/CD44/MMP14/COL15A1/FN1/MMP19/BMP1/COL1A1/COL4A5/LAMC2/NID1/FBN2/CTSD/COL16A1/TLL2/COL6A2/CAPN15/ADAMTS1/SPP1/LAMC1/CAPN7/TLL1/COL5A3/COL6A1/COL1A2/MMP16/COL8A1/COL10A1/MMP24/DCN/TIMP1/COL4A3/KLKB1",35
"REACTOME_INTERLEUKIN_10_SIGNALING","REACTOME_INTERLEUKIN_10_SIGNALING","16/1437","45/11448",0.355555555555556,2.83256784968685,4.66651055640511,6.33512895584352e-05,0.00248337055069066,0.00211297985324224,"TNFRSF1A/CCL2/ICAM1/CSF1/TNFRSF1B/CXCL1/IL1R1/PTGS2/CXCL2/STAT3/IL6/IL18/JAK1/LIF/TIMP1/TYK2",16
"REACTOME_CDC42_GTPASE_CYCLE","REACTOME_CDC42_GTPASE_CYCLE","37/1437","155/11448",0.238709677419355,1.90170381843895,4.28213730429628,6.9879111731275e-05,0.00264115157060359,0.00224722808945787,"PREX2/OPHN1/IQGAP2/TRIO/SH3PXD2A/DOCK10/MYO9B/DOCK9/SPATA13/PLD1/SRGAP1/TFRC/PREX1/ARHGAP24/PLEKHG1/ARHGEF10/ARAP2/ABR/FMNL2/SRGAP2/DOCK8/JUP/ARHGDIA/RASGRF2/VAV2/PIK3R1/ARHGAP30/ITSN1/MCF2L/PLEKHG2/CDC42BPB/IQGAP1/DEF6/ARHGEF6/BAIAP2/DOCK11/ARHGEF7",37
"REACTOME_IL_6_TYPE_CYTOKINE_RECEPTOR_LIGAND_INTERACTIONS","REACTOME_IL_6_TYPE_CYTOKINE_RECEPTOR_LIGAND_INTERACTIONS","9/1437","17/11448",0.529411764705882,4.21761021736461,5.02980647288954,7.12263907524293e-05,0.00264115157060359,0.00224722808945787,"IL6ST/OSMR/CRLF1/JAK2/CNTFR/JAK1/LIF/IL11RA/TYK2",9
"REACTOME_SIGNALING_BY_EGFR_IN_CANCER","REACTOME_SIGNALING_BY_EGFR_IN_CANCER","11/1437","25/11448",0.44,3.50530271398747,4.75089705071922,9.70712744407889e-05,0.0035047839087569,0.0029820510624608,"AREG/UBC/GAB1/EGFR/SHC1/EGF/CBL/PIK3R1/SOS1/CDC37/HRAS",11
"REACTOME_INTERLEUKIN_27_SIGNALING","REACTOME_INTERLEUKIN_27_SIGNALING","7/1437","11/11448",0.636363636363636,5.06965268551907,5.11603048705586,0.000100797681998548,0.00354601076158996,0.00301712899693361,"IL6ST/STAT3/CRLF1/JAK2/JAK1/IL27RA/TYK2",7
"REACTOME_SIGNALING_BY_ALK_IN_CANCER","REACTOME_SIGNALING_BY_ALK_IN_CANCER","25/1437","93/11448",0.268817204301075,2.14155835409792,4.18775741632996,0.000142014436565721,0.00478824884622101,0.0040740892822304,"JUN/CDKN1A/TPM4/FN1/UBC/JUNB/RB1/MCL1/TPM3/VCL/STAT3/NOTCH1/MYH9/MDM2/SHC1/IRS1/NPM1/RRBP1/KLC1/RANBP2/PIK3R1/DNMT1/DCTN1/TYK2/AGO2",25
"REACTOME_LAMININ_INTERACTIONS","REACTOME_LAMININ_INTERACTIONS","12/1437","30/11448",0.4,3.1866388308977,4.54337055361795,0.000143089069019724,0.00478824884622101,0.0040740892822304,"ITGA2/COL4A5/NID2/LAMC2/NID1/ITGAV/LAMC1/LAMA2/LAMB2/ITGB1/ITGA6/COL4A3",12
"REACTOME_ANCHORING_FIBRIL_FORMATION","REACTOME_ANCHORING_FIBRIL_FORMATION","8/1437","15/11448",0.533333333333333,4.24885177453027,4.7701377449964,0.000171750939164883,0.00561053067938617,0.00477372911112419,"BMP1/COL1A1/COL4A5/LAMC2/TLL2/TLL1/COL1A2/COL4A3",8
"REACTOME_ELASTIC_FIBRE_FORMATION","REACTOME_ELASTIC_FIBRE_FORMATION","15/1437","44/11448",0.340909090909091,2.71588536724236,4.32037554745959,0.000184071145160445,0.00587315374791,0.00499718237412321,"EFEMP1/FN1/FBN2/EMILIN1/ITGAV/BMP2/EMILIN3/ITGA5/TGFB1/ITGB1/LTBP3/LTBP4/LOXL2/ITGB8/EMILIN2",15
"REACTOME_EGFR_DOWNREGULATION","REACTOME_EGFR_DOWNREGULATION","12/1437","31/11448",0.387096774193548,3.083844029901,4.4015491041419,0.000207000352465356,0.00645464735414702,0.00549194715033685,"AREG/UBC/SPRY1/EGFR/PTPRK/EGF/CBL/EPN1/SPRY2/EPS15/ARHGEF7/STAM",12
"REACTOME_COLLAGEN_FORMATION","REACTOME_COLLAGEN_FORMATION","24/1437","90/11448",0.266666666666667,2.12442588726514,4.05729562804211,0.000218852234843283,0.00667256147122188,0.00567735972961874,"CTSB/COL15A1/PLEC/BMP1/COL1A1/COL4A5/LAMC2/COL16A1/TLL2/COL6A2/COL28A1/ADAMTS3/TLL1/COL5A3/COL6A1/COL1A2/COL8A1/COL10A1/LOXL2/P4HA1/ITGA6/ADAMTS2/COL4A3/PLOD1",24
"REACTOME_MET_PROMOTES_CELL_MOTILITY","REACTOME_MET_PROMOTES_CELL_MOTILITY","14/1437","41/11448",0.341463414634146,2.72030144101024,4.18067353778839,0.000294406749118834,0.0087403165784042,0.00743671250993575,"HGF/ITGA2/FN1/COL1A1/LAMC2/GAB1/LAMC1/LAMA2/COL5A3/LAMB2/COL1A2/ITGB1/CRK/RAPGEF1",14
"REACTOME_DEATH_RECEPTOR_SIGNALING","REACTOME_DEATH_RECEPTOR_SIGNALING","35/1437","154/11448",0.227272727272727,1.81059024482824,3.8368368839517,0.000301146843769948,0.0087403165784042,0.00743671250993575,"TNFRSF1A/FAS/BEX3/TRIO/MAPKAPK2/TNFAIP3/UBC/TNFRSF10B/PREX1/TAB2/ARHGEF10/ABR/USP4/CASP2/ARHGEF1/IRAK1/NFKBIA/ARHGEF10L/ARHGDIA/TNFRSF10D/ARHGEF40/RASGRF2/RELA/VAV2/ITSN1/TRAF1/MCF2L/PLEKHG2/BIRC3/SOS1/ARHGEF6/MAGED1/KALRN/CLIP3/ARHGEF7",35
"REACTOME_SIGNALING_BY_ERBB2_ECD_MUTANTS","REACTOME_SIGNALING_BY_ERBB2_ECD_MUTANTS","8/1437","16/11448",0.5,3.98329853862213,4.52408851685788,0.000305783670381488,0.0087403165784042,0.00743671250993575,"GAB1/EGFR/SHC1/EGF/PIK3R1/SOS1/CDC37/HRAS",8
"REACTOME_ASSEMBLY_OF_COLLAGEN_FIBRILS_AND_OTHER_MULTIMERIC_STRUCTURES","REACTOME_ASSEMBLY_OF_COLLAGEN_FIBRILS_AND_OTHER_MULTIMERIC_STRUCTURES","18/1437","61/11448",0.295081967213115,2.35079913754749,4.00761992031065,0.000344140924750269,0.00960755704632302,0.00817460546599066,"CTSB/COL15A1/PLEC/BMP1/COL1A1/COL4A5/LAMC2/TLL2/COL6A2/TLL1/COL5A3/COL6A1/COL1A2/COL8A1/COL10A1/LOXL2/ITGA6/COL4A3",18
"REACTOME_MOLECULES_ASSOCIATED_WITH_ELASTIC_FIBRES","REACTOME_MOLECULES_ASSOCIATED_WITH_ELASTIC_FIBRES","13/1437","37/11448",0.351351351351351,2.7990746487615,4.15263431097548,0.00035012962996804,0.00960755704632302,0.00817460546599066,"EFEMP1/FN1/FBN2/EMILIN1/ITGAV/BMP2/EMILIN3/TGFB1/ITGB1/LTBP3/LTBP4/ITGB8/EMILIN2",13
"REACTOME_DISSOLUTION_OF_FIBRIN_CLOT","REACTOME_DISSOLUTION_OF_FIBRIN_CLOT","7/1437","13/11448",0.538461538461538,4.28970611851614,4.49620587794043,0.000416664911216701,0.0110065521734529,0.00936494273466262,"PLAUR/SERPINE2/SERPINE1/PLAT/PLAU/SERPINB6/ANXA2",7
"REACTOME_COLLAGEN_BIOSYNTHESIS_AND_MODIFYING_ENZYMES","REACTOME_COLLAGEN_BIOSYNTHESIS_AND_MODIFYING_ENZYMES","19/1437","67/11448",0.283582089552239,2.25918424578569,3.91626404907725,0.000417157954095882,0.0110065521734529,0.00936494273466262,"COL15A1/BMP1/COL1A1/COL4A5/COL16A1/TLL2/COL6A2/COL28A1/ADAMTS3/TLL1/COL5A3/COL6A1/COL1A2/COL8A1/COL10A1/P4HA1/ADAMTS2/COL4A3/PLOD1",19
"REACTOME_FLT3_SIGNALING","REACTOME_FLT3_SIGNALING","13/1437","38/11448",0.342105263157895,2.72541478958356,4.03624934185474,0.000471729843162045,0.012211572543742,0.0103902362674619,"STAT5B/UBC/PTPRJ/CSK/SLA/AKT3/ABL2/CBL/PIK3R1/HCK/GRB10/SOS1/HRAS",13
"REACTOME_MAPK_FAMILY_SIGNALING_CASCADES","REACTOME_MAPK_FAMILY_SIGNALING_CASCADES","60/1437","314/11448",0.191082802547771,1.52227969628871,3.55531310144008,0.00050847877537313,0.0128289241678367,0.0109155108962183,"JUN/IL6ST/FGF7/MMP2/HGF/NRG1/ANGPT1/FGF2/ACTB/RASA3/KITLG/AREG/RGL3/FN1/UBC/JAK3/PSMA1/DUSP1/DUSP5/ERBB4/VCL/PRKACB/FGF1/IL6/MAP2K2/MYC/MAPK12/APBB1IP/ACTG1/RASAL2/RASA1/CSK/EGFR/RET/SEPTIN7/SHC1/SEM1/IRS1/JAK2/SPRED3/KSR1/SPTAN1/EGF/HSPB1/PSMD14/RASGRF2/FGFR1/JAK1/PIK3R1/PEA15/ABHD17A/IQGAP1/MAPK4/SOS1/NCAM1/PDGFA/KALRN/TYK2/HRAS/AGO2",60
"REACTOME_MECHANICAL_LOAD_ACTIVATES_SIGNALING_BY_PIEZO1_AND_INTEGRINS_IN_OSTEOCYTES","REACTOME_MECHANICAL_LOAD_ACTIVATES_SIGNALING_BY_PIEZO1_AND_INTEGRINS_IN_OSTEOCYTES","8/1437","17/11448",0.470588235294118,3.74898685987965,4.29724887964705,0.000514279030051762,0.0128289241678367,0.0109155108962183,"PIEZO1/ITGAV/PANX1/CACNB2/SPP1/ITGA5/CACNB1/ITGB1",8
"REACTOME_NEGATIVE_REGULATION_OF_MET_ACTIVITY","REACTOME_NEGATIVE_REGULATION_OF_MET_ACTIVITY","9/1437","21/11448",0.428571428571429,3.41425589024754,4.19529329656157,0.000538018048604353,0.0129341604460914,0.0110050513539323,"HGF/UBC/PTPRJ/LRIG1/PTPN2/CBL/PTPN1/EPS15/STAM",9
"REACTOME_SIGNAL_TRANSDUCTION_BY_L1","REACTOME_SIGNAL_TRANSDUCTION_BY_L1","9/1437","21/11448",0.428571428571429,3.41425589024754,4.19529329656157,0.000538018048604353,0.0129341604460914,0.0110050513539323,"NRP1/ITGAV/MAP2K2/EGFR/ITGA5/ITGB1/FGFR1/VAV2/NCAM1",9
"REACTOME_NUCLEAR_RECEPTOR_TRANSCRIPTION_PATHWAY","REACTOME_NUCLEAR_RECEPTOR_TRANSCRIPTION_PATHWAY","16/1437","53/11448",0.30188679245283,2.40501043841336,3.88414841059154,0.000546779377458672,0.0129341604460914,0.0110050513539323,"NR4A3/NR4A1/NR1D2/NR3C2/PPARG/RORA/NR4A2/AR/PGR/RXRG/RARA/NCOR2/RXRB/ESRRG/PPARD/RXRA",16
"REACTOME_HIGH_LAMINAR_FLOW_SHEAR_STRESS_ACTIVATES_SIGNALING_BY_PIEZO1_AND_PECAM1_CDH5_KDR_IN_ENDOTHELIAL_CELLS","REACTOME_HIGH_LAMINAR_FLOW_SHEAR_STRESS_ACTIVATES_SIGNALING_BY_PIEZO1_AND_PECAM1_CDH5_KDR_IN_ENDOTHELIAL_CELLS","19/1437","69/11448",0.27536231884058,2.19370064445856,3.76793515213601,0.00062469717346644,0.014343639269569,0.0122043086926132,"CTNNB1/PECAM1/MMP14/PRR5/PIEZO1/ADCY2/VCL/PRKACB/RICTOR/PANX1/GNG2/ADCY3/GNB1/PDPK1/ADCY4/PRKAR1B/GNG7/PKN2/CALCRL",19
"REACTOME_NGF_STIMULATED_TRANSCRIPTION","REACTOME_NGF_STIMULATED_TRANSCRIPTION","13/1437","39/11448",0.333333333333333,2.65553235908142,3.92357250182652,0.000627272854354331,0.014343639269569,0.0122043086926132,"FOS/EGR1/EGR3/SGK1/JUNB/FOSB/ID4/FOSL1/JUND/F3/EGR2/TRIB1/CHD4",13
"REACTOME_MET_ACTIVATES_PTK2_SIGNALING","REACTOME_MET_ACTIVATES_PTK2_SIGNALING","11/1437","30/11448",0.366666666666667,2.92108559498956,3.99160739301053,0.000654827522303197,0.0147282518131145,0.0125315568979162,"HGF/ITGA2/FN1/COL1A1/LAMC2/LAMC1/LAMA2/COL5A3/LAMB2/COL1A2/ITGB1",11
"REACTOME_NRAGE_SIGNALS_DEATH_THROUGH_JNK","REACTOME_NRAGE_SIGNALS_DEATH_THROUGH_JNK","17/1437","59/11448",0.288135593220339,2.29546017479919,3.779573284159,0.000675695470271067,0.0149524868582565,0.0127223476490766,"TRIO/PREX1/ARHGEF10/ABR/ARHGEF1/ARHGEF10L/ARHGEF40/RASGRF2/VAV2/ITSN1/MCF2L/PLEKHG2/SOS1/ARHGEF6/MAGED1/KALRN/ARHGEF7",17
"REACTOME_SIGNALING_BY_PTK6","REACTOME_SIGNALING_BY_PTK6","16/1437","54/11448",0.296296296296296,2.36047320807237,3.79650748754162,0.000687836391393278,0.0149795480792314,0.012745372732751,"NRG1/HIF1A/PXN/SOCS3/UBC/LRRK2/ERBB4/STAT3/RASA1/EGFR/BCAR1/CRK/EGF/CBL/PTPN1/HRAS",16
"REACTOME_P75_NTR_RECEPTOR_MEDIATED_SIGNALLING","REACTOME_P75_NTR_RECEPTOR_MEDIATED_SIGNALLING","24/1437","97/11448",0.247422680412371,1.97111680261714,3.63894732100049,0.000723224756002651,0.0154564610448409,0.0131511549015871,"BEX3/TRIO/UBC/PREX1/ARHGEF10/ABR/CASP2/ARHGEF1/IRAK1/NFKBIA/ARHGEF10L/ARHGDIA/ARHGEF40/RASGRF2/RELA/VAV2/ITSN1/MCF2L/PLEKHG2/SOS1/ARHGEF6/MAGED1/KALRN/ARHGEF7",24
"REACTOME_INTERLEUKIN_15_SIGNALING","REACTOME_INTERLEUKIN_15_SIGNALING","7/1437","14/11448",0.5,3.98329853862213,4.23152717298443,0.000743274003407101,0.0154564610448409,0.0131511549015871,"IL15/STAT5B/JAK3/STAT3/SHC1/JAK1/SOS1",7
"REACTOME_SIGNALING_BY_ERBB2_IN_CANCER","REACTOME_SIGNALING_BY_ERBB2_IN_CANCER","10/1437","26/11448",0.384615384615385,3.0640757989401,3.99187315412273,0.000743532382623542,0.0154564610448409,0.0131511549015871,"NRG1/ERBB4/GAB1/EGFR/SHC1/EGF/PIK3R1/SOS1/CDC37/HRAS",10
"REACTOME_DEVELOPMENTAL_LINEAGES_OF_THE_MAMMARY_GLAND","REACTOME_DEVELOPMENTAL_LINEAGES_OF_THE_MAMMARY_GLAND","13/1437","40/11448",0.325,2.58914405010438,3.81438038480808,0.000823903784787564,0.0166337245043703,0.0141528314219324,"CD44/VIM/AREG/MME/ALDH1A3/CNN1/EGFR/PGR/ITGB1/EGF/ITGA6/MFGE8/ALDH1A1",13
"REACTOME_CROSSLINKING_OF_COLLAGEN_FIBRILS","REACTOME_CROSSLINKING_OF_COLLAGEN_FIBRILS","8/1437","18/11448",0.444444444444444,3.54070981210856,4.08699114690196,0.000824412001674329,0.0166337245043703,0.0141528314219324,"BMP1/COL1A1/COL4A5/TLL2/TLL1/COL1A2/LOXL2/COL4A3",8
"REACTOME_CELL_DEATH_SIGNALLING_VIA_NRAGE_NRIF_AND_NADE","REACTOME_CELL_DEATH_SIGNALLING_VIA_NRAGE_NRIF_AND_NADE","20/1437","76/11448",0.263157894736842,2.09647291506428,3.63347163075698,0.00085520073957523,0.0170048610825684,0.0144686135803041,"BEX3/TRIO/UBC/PREX1/ARHGEF10/ABR/CASP2/ARHGEF1/ARHGEF10L/ARHGEF40/RASGRF2/VAV2/ITSN1/MCF2L/PLEKHG2/SOS1/ARHGEF6/MAGED1/KALRN/ARHGEF7",20
"REACTOME_TURBULENT_OSCILLATORY_DISTURBED_FLOW_SHEAR_STRESS_ACTIVATES_SIGNALING_BY_PIEZO1_AND_INTEGRINS_IN_ENDOTHELIAL_CELLS","REACTOME_TURBULENT_OSCILLATORY_DISTURBED_FLOW_SHEAR_STRESS_ACTIVATES_SIGNALING_BY_PIEZO1_AND_INTEGRINS_IN_ENDOTHELIAL_CELLS","11/1437","31/11448",0.354838709677419,2.82685702740925,3.8587345295562,0.000901132465714007,0.0176621963279945,0.0150279083379975,"FN1/PIEZO1/VCL/ITGAV/ANXA2/ITGA5/ITGB1/NFKBIA/RELA/PDE4D/PTPN1",11
"REACTOME_FORMATION_OF_THE_DYSTROPHIN_GLYCOPROTEIN_COMPLEX_DGC","REACTOME_FORMATION_OF_THE_DYSTROPHIN_GLYCOPROTEIN_COMPLEX_DGC","12/1437","36/11448",0.333333333333333,2.65553235908142,3.76915100910047,0.00100806231501157,0.0194797393830405,0.0165743677887003,"ACTB/SGCD/SNTB1/LAMC2/ACTC1/ACTG1/SGCG/LAMC1/LAMA2/LAMB2/SGCE/DTNA",12
"REACTOME_RAC3_GTPASE_CYCLE","REACTOME_RAC3_GTPASE_CYCLE","23/1437","94/11448",0.24468085106383,1.94927375294274,3.50119620943399,0.00108895776023643,0.0207506950978387,0.0176557625161141,"IL32/OPHN1/TRIO/DOCK10/TFRC/NCKAP1L/PREX1/ARAP2/ABR/GARRE1/SRGAP2/ABL2/ITGB1/RAPGEF1/VAV2/PIK3R1/NHS/NCF2/JAG1/MCAM/FERMT2/ABI2/BAIAP2",23
"REACTOME_RAF_INDEPENDENT_MAPK1_3_ACTIVATION","REACTOME_RAF_INDEPENDENT_MAPK1_3_ACTIVATION","9/1437","23/11448",0.391304347826087,3.11736407370428,3.85094085351555,0.00118361470110139,0.0222454708207,0.0189275948597179,"IL6ST/DUSP1/DUSP5/IL6/MAP2K2/JAK2/JAK1/PEA15/TYK2",9
"REACTOME_SIGNALING_BY_FLT3_FUSION_PROTEINS","REACTOME_SIGNALING_BY_FLT3_FUSION_PROTEINS","8/1437","19/11448",0.421052631578947,3.35435666410285,3.89117205349084,0.00126845492926163,0.0232042688392927,0.019743389705981,"CDKN1A/STAT5B/PIM1/MYO18A/ETV6/PIK3R1/SOS1/HRAS",8
"REACTOME_VEGFR2_MEDIATED_CELL_PROLIFERATION","REACTOME_VEGFR2_MEDIATED_CELL_PROLIFERATION","8/1437","19/11448",0.421052631578947,3.35435666410285,3.89117205349084,0.00126845492926163,0.0232042688392927,0.019743389705981,"VEGFA/ITPR1/SPHK1/RASA1/PRKCA/PDPK1/ITPR3/HRAS",8
"REACTOME_PI3K_AKT_SIGNALING_IN_CANCER","REACTOME_PI3K_AKT_SIGNALING_IN_CANCER","26/1437","113/11448",0.230088495575221,1.83302233635709,3.3714801020096,0.0014159818645063,0.0255621989224031,0.0217496383343141,"FGF7/HGF/NRG1/NTRK2/FGF2/CDKN1A/KITLG/AREG/PRR5/NR4A1/ERBB4/FGF1/RICTOR/GAB1/MDM2/EGFR/IRS1/AKT3/PDPK1/EGF/FGFR1/PIK3R1/PTEN/PDGFA/GSK3B/PIK3R5",26
"REACTOME_FLT3_SIGNALING_IN_DISEASE","REACTOME_FLT3_SIGNALING_IN_DISEASE","10/1437","28/11448",0.357142857142857,2.84521324187295,3.70363364826481,0.00145092749544567,0.0258528899188502,0.0219969732392242,"CDKN1A/STAT5B/UBC/PIM1/MYO18A/ETV6/CBL/PIK3R1/SOS1/HRAS",10
"REACTOME_RHOG_GTPASE_CYCLE","REACTOME_RHOG_GTPASE_CYCLE","19/1437","74/11448",0.256756756756757,2.04547762794109,3.41829458103181,0.00156607156329788,0.0275467972415985,0.0234382370269547,"DOCK5/OPHN1/IQGAP2/TRIO/PLD1/TFRC/PREX1/GARRE1/ITGB1/NDUFA5/ARHGDIA/VAV2/LETM1/PIK3R1/ITSN1/MCF2L/MCAM/KALRN/DOCK4",19
"REACTOME_SIGNALING_BY_FGFR1_IN_DISEASE","REACTOME_SIGNALING_BY_FGFR1_IN_DISEASE","12/1437","38/11448",0.31578947368421,2.51576749807713,3.54582307017043,0.00171716546260344,0.029584346102993,0.025171888774144,"FGF2/STAT5B/CPSF6/FGF1/STAT3/MYO18A/GAB1/LRRFIP1/FGFR1/PIK3R1/SOS1/HRAS",12
"REACTOME_NOTCH1_INTRACELLULAR_DOMAIN_REGULATES_TRANSCRIPTION","REACTOME_NOTCH1_INTRACELLULAR_DOMAIN_REGULATES_TRANSCRIPTION","14/1437","48/11448",0.291666666666667,2.32359081419624,3.48142811534812,0.00172871849411261,0.029584346102993,0.025171888774144,"CDK8/HEYL/MAMLD1/HIF1A/HDAC9/UBC/HDAC7/MYC/NBEA/NOTCH1/NCOR2/KAT2B/HDAC10/HEY1",14
"REACTOME_SMOOTH_MUSCLE_CONTRACTION","REACTOME_SMOOTH_MUSCLE_CONTRACTION","13/1437","43/11448",0.302325581395349,2.40850609312036,3.50574891125761,0.00174659769266941,0.029584346102993,0.025171888774144,"PXN/ANXA1/LMOD1/TPM4/TPM3/VCL/PDE5A/ANXA2/MYL6/GUCY1A1/MYL9/ANXA6/SORBS1",13
"REACTOME_INTERLEUKIN_35_SIGNALLING","REACTOME_INTERLEUKIN_35_SIGNALLING","6/1437","12/11448",0.5,3.98329853862213,3.91729032429475,0.00182199871675239,0.0298040634580128,0.0253588356413505,"IL6ST/STAT3/JAK2/JAK1/IL27RA/TYK2",6
"REACTOME_MAPK1_MAPK3_SIGNALING","REACTOME_MAPK1_MAPK3_SIGNALING","51/1437","271/11448",0.188191881918819,1.49924889645556,3.15119028098423,0.00182273659006279,0.0298040634580128,0.0253588356413505,"IL6ST/FGF7/HGF/NRG1/ANGPT1/FGF2/ACTB/RASA3/KITLG/AREG/RGL3/FN1/UBC/JAK3/PSMA1/DUSP1/DUSP5/ERBB4/VCL/FGF1/IL6/MAP2K2/MAPK12/APBB1IP/ACTG1/RASAL2/RASA1/CSK/EGFR/RET/SHC1/SEM1/IRS1/JAK2/SPRED3/KSR1/SPTAN1/EGF/PSMD14/RASGRF2/FGFR1/JAK1/PIK3R1/PEA15/ABHD17A/IQGAP1/SOS1/NCAM1/PDGFA/TYK2/HRAS",51
"REACTOME_SEMAPHORIN_INTERACTIONS","REACTOME_SEMAPHORIN_INTERACTIONS","17/1437","64/11448",0.265625,2.11612734864301,3.39228075148346,0.00182473857906201,0.0298040634580128,0.0253588356413505,"NRP1/PIP5K1C/DPYSL3/PLXNA1/SEMA6D/PLXNB1/CFL1/MYH9/RHOC/MYL6/PLXNA4/MYL9/PTPRC/ITGB1/HSP90AB1/RHOB/GSK3B",17
"REACTOME_FIBRONECTIN_MATRIX_FORMATION","REACTOME_FIBRONECTIN_MATRIX_FORMATION","8/1437","20/11448",0.4,3.1866388308977,3.70802311619471,0.00188361633330388,0.0304037836387402,0.0258691085279752,"FN1/COL1A1/COL4A5/ITGA5/COL5A3/COL1A2/ITGB1/COL4A3",8
"REACTOME_DOWNSTREAM_SIGNAL_TRANSDUCTION","REACTOME_DOWNSTREAM_SIGNAL_TRANSDUCTION","10/1437","29/11448",0.344827586206897,2.74710244042905,3.56893655540151,0.00196868402492624,0.0311078155433122,0.0264681352136974,"STAT5B/STAT3/RASA1/BCAR1/CRK/RAPGEF1/PIK3R1/SOS1/PDGFA/HRAS",10
"REACTOME_CGMP_EFFECTS","REACTOME_CGMP_EFFECTS","7/1437","16/11448",0.4375,3.48538622129436,3.76901845998552,0.00197258014013714,0.0311078155433122,0.0264681352136974,"KCNMB2/ITPR1/PDE5A/KCNMA1/KCNMB4/PDE2A/PRKG1",7
"REACTOME_ION_HOMEOSTASIS","REACTOME_ION_HOMEOSTASIS","15/1437","54/11448",0.277777777777778,2.21294363256785,3.38481460398212,0.00205761399603768,0.0317196225007158,0.0269886921538237,"SLC8A1/ITPR1/TNNI3/ATP1B3/TRDN/ATP2B4/FXYD6/CASQ2/TRPC1/ITPR3/ATP1B1/PLN/ATP2A3/DMPK/FXYD2",15
"REACTOME_SIGNALING_BY_TYPE_1_INSULIN_LIKE_GROWTH_FACTOR_1_RECEPTOR_IGF1R","REACTOME_SIGNALING_BY_TYPE_1_INSULIN_LIKE_GROWTH_FACTOR_1_RECEPTOR_IGF1R","15/1437","54/11448",0.277777777777778,2.21294363256785,3.38481460398212,0.00205761399603768,0.0317196225007158,0.0269886921538237,"IGF1/FGF7/FGF2/PDE3B/FGF1/GAB1/SHC1/IGF2/IRS1/PDPK1/FGFR1/CILP/PIK3R1/SOS1/HRAS",15
"REACTOME_SIGNALING_BY_NOTCH3","REACTOME_SIGNALING_BY_NOTCH3","14/1437","49/11448",0.285714285714286,2.27617059349836,3.39163330305994,0.0021455838920832,0.0327082344437573,0.0278298542259681,"HEYL/MAMLD1/UBC/PBX1/NOTCH1/IKZF1/EGFR/MIB1/EGF/WWC1/KAT2B/WWP2/JAG1/HEY1",14
"REACTOME_O_GLYCOSYLATION_OF_TSR_DOMAIN_CONTAINING_PROTEINS","REACTOME_O_GLYCOSYLATION_OF_TSR_DOMAIN_CONTAINING_PROTEINS","12/1437","39/11448",0.307692307692308,2.45126063915208,3.43945336104435,0.00220156217738081,0.0331927835974337,0.0282421336577827,"THBS1/ADAMTSL1/THBS2/ADAMTSL3/ADAMTS17/THSD7A/ADAMTS1/ADAMTS3/B3GLCT/THSD7B/ADAMTS2/ADAMTS19",12
"REACTOME_SIGNALING_BY_ERYTHROPOIETIN","REACTOME_SIGNALING_BY_ERYTHROPOIETIN","9/1437","25/11448",0.36,2.86797494780793,3.54230912728037,0.0023432908584026,0.0349455984535692,0.0297335190156577,"STAT5B/GAB1/SHC1/JAK2/RAPGEF1/PIK3R1/SOS1/HRAS/PIK3R5",9
"REACTOME_SIGNALING_BY_ERBB2","REACTOME_SIGNALING_BY_ERBB2","14/1437","50/11448",0.28,2.23064718162839,3.30399766764453,0.00264215233204767,0.0389788494577356,0.0331652171617529,"NRG1/UBC/ERBB4/GAB1/PRKCA/EGFR/SHC1/AKT3/EGF/DIAPH1/PIK3R1/SOS1/CDC37/HRAS",14
"REACTOME_CARDIAC_CONDUCTION","REACTOME_CARDIAC_CONDUCTION","28/1437","130/11448",0.215384615384615,1.71588244740646,3.11002614704325,0.00270385745805886,0.0391623220191659,0.0333213250876592,"KCND2/SCN7A/SLC8A1/CORIN/ITPR1/MME/HIPK2/TNNI3/ATP1B3/FGF12/CACNB2/KCNIP1/TRDN/ATP2B4/FXYD6/KCNE1/KCNJ14/CACNB1/KAT2B/CASQ2/TRPC1/ITPR3/ATP1B1/PLN/ATP2A3/NKX2-5/DMPK/FXYD2",28
"REACTOME_CS_GAG_BIOSYNTHESIS","REACTOME_CS_GAG_BIOSYNTHESIS","8/1437","21/11448",0.380952380952381,3.03489412466448,3.53606993977018,0.00271167681619589,0.0391623220191659,0.0333213250876592,"VCAN/CHST9/CHST11/CHST15/BGN/CHSY1/DCN/CSGALNACT1",8
"REACTOME_GPER1_SIGNALING","REACTOME_GPER1_SIGNALING","13/1437","45/11448",0.288888888888889,2.30146137787056,3.31408371025626,0.00274337213314726,0.039207360069563,0.0333596457857491,"FN1/ADCY2/PRKACB/GNG2/ITGA5/SHC1/ADCY3/ITGB1/GNB1/ADCY4/PRKAR1B/GNG7/GNAI2",13
"REACTOME_RHOU_GTPASE_CYCLE","REACTOME_RHOU_GTPASE_CYCLE","12/1437","40/11448",0.3,2.38997912317328,3.33633008434737,0.00279198720277793,0.0394907880640342,0.0336008009536703,"RHOU/PEAK1/SRGAP2/SPTAN1/WDR6/WWP2/PIK3R1/ARHGAP30/IQGAP1/ARHGEF6/ARHGEF7/STAM",12
"REACTOME_NUCLEAR_EVENTS_KINASE_AND_TRANSCRIPTION_FACTOR_ACTIVATION","REACTOME_NUCLEAR_EVENTS_KINASE_AND_TRANSCRIPTION_FACTOR_ACTIVATION","16/1437","61/11448",0.262295081967213,2.08959923337554,3.232678694746,0.00282472850401366,0.0395461990561912,0.0336479474860488,"RPS6KA5/FOS/EGR1/EGR3/MAPKAPK2/SGK1/JUNB/FOSB/ID4/FOSL1/JUND/F3/EGR2/MEF2C/TRIB1/CHD4",16
"REACTOME_GAB1_SIGNALOSOME","REACTOME_GAB1_SIGNALOSOME","7/1437","17/11448",0.411764705882353,3.2803635023947,3.56469128640456,0.0029933909171969,0.0414841650342843,0.0352968689757721,"AREG/PXN/GAB1/CSK/EGFR/EGF/PIK3R1",7
"REACTOME_INTEGRATION_OF_ENERGY_METABOLISM","REACTOME_INTEGRATION_OF_ENERGY_METABOLISM","24/1437","108/11448",0.222222222222222,1.77035490605428,3.04741568131086,0.00344417692087035,0.0468217840185519,0.0398383907293034,"KCNS3/ITPR1/ACSL4/ADCY2/PRKACB/CACNB2/PRKCA/GNG2/PRKAA2/CHRM3/ADCY3/GNB1/FASN/ADCY4/PRKAR1B/ITPR3/ACLY/IQGAP1/CD36/SLC2A1/STK11/KCNB1/GNG7/GNAI2",24
"REACTOME_SIGNALING_BY_CSF1_M_CSF_IN_MYELOID_CELLS","REACTOME_SIGNALING_BY_CSF1_M_CSF_IN_MYELOID_CELLS","10/1437","31/11448",0.32258064516129,2.5698700249175,3.31591995497049,0.00344679313839194,0.0468217840185519,0.0398383907293034,"CSF1/UBC/STAT3/SHC1/GAB3/CBL/PIK3R1/HCK/SOS1/INPP5D",10
"REACTOME_SIGNALING_BY_RETINOIC_ACID","REACTOME_SIGNALING_BY_RETINOIC_ACID","12/1437","41/11448",0.292682926829268,2.33168694943734,3.23626328352168,0.0035046405166701,0.047140850871288,0.040109869277473,"ALDH1A3/RXRG/ALDH1A2/RARA/RXRB/DHRS3/PPARD/RDH14/DLD/ALDH1A1/DLAT/RXRA",12
"REACTOME_CHAPERONE_MEDIATED_AUTOPHAGY","REACTOME_CHAPERONE_MEDIATED_AUTOPHAGY","8/1437","22/11448",0.363636363636364,2.89694439172519,3.37407183972785,0.00379843826381394,0.0496329266471689,0.0422302559856608,"PLIN2/VIM/UBC/HSP90AB1/EEF1A1/IFT88/LAMP2/PCNT",8
"REACTOME_NITRIC_OXIDE_STIMULATES_GUANYLATE_CYCLASE","REACTOME_NITRIC_OXIDE_STIMULATES_GUANYLATE_CYCLASE","8/1437","22/11448",0.363636363636364,2.89694439172519,3.37407183972785,0.00379843826381394,0.0496329266471689,0.0422302559856608,"KCNMB2/ITPR1/PDE5A/KCNMA1/KCNMB4/GUCY1A1/PDE2A/PRKG1",8
"REACTOME_SHC1_EVENTS_IN_ERBB2_SIGNALING","REACTOME_SHC1_EVENTS_IN_ERBB2_SIGNALING","8/1437","22/11448",0.363636363636364,2.89694439172519,3.37407183972785,0.00379843826381394,0.0496329266471689,0.0422302559856608,"NRG1/ERBB4/PRKCA/EGFR/SHC1/EGF/SOS1/HRAS",8
